{ "backgroundcolor":"#35495e",
 "height":80,
 "layers":[
        {
         "draworder":"topdown",
         "height":40,
         "name":"background",
         "objects":[
                {
                 "gid":6,
                 "height":352,
                 "id":193,
                 "name":"",
                 "rotation":0,
                 "type":"",
                 "visible":true,
                 "width":2496,
                 "x":-608,
                 "y":32
                }, 
                {
                 "gid":15,
                 "height":192,
                 "id":284,
                 "name":"",
                 "rotation":0,
                 "type":"",
                 "visible":true,
                 "width":160,
                 "x":256,
                 "y":2304
                }, 
                {
                 "gid":54,
                 "height":128,
                 "id":287,
                 "name":"",
                 "rotation":0,
                 "type":"",
                 "visible":true,
                 "width":160,
                 "x":704,
                 "y":448
                }, 
                {
                 "gid":2147483702,
                 "height":128,
                 "id":288,
                 "name":"",
                 "rotation":0,
                 "type":"",
                 "visible":true,
                 "width":160,
                 "x":328.606060606061,
                 "y":1930.90909090909
                }, 
                {
                 "gid":54,
                 "height":128,
                 "id":291,
                 "name":"",
                 "rotation":0,
                 "type":"",
                 "visible":true,
                 "width":160,
                 "x":512,
                 "y":704
                }, 
                {
                 "gid":54,
                 "height":128,
                 "id":295,
                 "name":"",
                 "rotation":0,
                 "type":"",
                 "visible":true,
                 "width":160,
                 "x":883.030303030303,
                 "y":281.939393939394
                }, 
                {
                 "gid":50,
                 "height":96,
                 "id":297,
                 "name":"",
                 "rotation":0,
                 "type":"",
                 "visible":true,
                 "width":96,
                 "x":1712,
                 "y":1872
                }, 
                {
                 "gid":50,
                 "height":96,
                 "id":298,
                 "name":"",
                 "rotation":0,
                 "type":"",
                 "visible":true,
                 "width":96,
                 "x":144,
                 "y":1256
                }, 
                {
                 "gid":50,
                 "height":96,
                 "id":299,
                 "name":"",
                 "rotation":0,
                 "type":"",
                 "visible":true,
                 "width":96,
                 "x":975.878787878788,
                 "y":1991.0303030303
                }, 
                {
                 "gid":50,
                 "height":96,
                 "id":300,
                 "name":"",
                 "rotation":0,
                 "type":"",
                 "visible":true,
                 "width":96,
                 "x":875.030303030303,
                 "y":281.939393939394
                }, 
                {
                 "gid":50,
                 "height":96,
                 "id":301,
                 "name":"",
                 "rotation":0,
                 "type":"",
                 "visible":true,
                 "width":96,
                 "x":1296,
                 "y":328
                }, 
                {
                 "gid":6,
                 "height":2560,
                 "id":353,
                 "name":"",
                 "rotation":0,
                 "type":"",
                 "visible":true,
                 "width":608,
                 "x":-608,
                 "y":2560
                }, 
                {
                 "gid":6,
                 "height":2560,
                 "id":393,
                 "name":"",
                 "rotation":0,
                 "type":"",
                 "visible":true,
                 "width":608,
                 "x":1280,
                 "y":2560
                }, 
                {
                 "gid":6,
                 "height":352,
                 "id":395,
                 "name":"",
                 "rotation":0,
                 "type":"",
                 "visible":true,
                 "width":2496,
                 "x":-608,
                 "y":2912
                }, 
                {
                 "gid":54,
                 "height":128,
                 "id":396,
                 "name":"",
                 "rotation":0,
                 "type":"",
                 "visible":true,
                 "width":160,
                 "x":64,
                 "y":2528
                }, 
                {
                 "gid":2147483702,
                 "height":128,
                 "id":397,
                 "name":"",
                 "rotation":0,
                 "type":"",
                 "visible":true,
                 "width":160,
                 "x":544,
                 "y":2624
                }, 
                {
                 "gid":2147483702,
                 "height":128,
                 "id":398,
                 "name":"",
                 "rotation":0,
                 "type":"",
                 "visible":true,
                 "width":160,
                 "x":256,
                 "y":1376
                }, 
                {
                 "gid":24,
                 "height":64,
                 "id":405,
                 "name":"",
                 "rotation":0,
                 "type":"coin",
                 "visible":true,
                 "width":96,
                 "x":593,
                 "y":1655
                }, 
                {
                 "gid":50,
                 "height":96,
                 "id":412,
                 "name":"",
                 "rotation":0,
                 "type":"",
                 "visible":true,
                 "width":96,
                 "x":143.545454545455,
                 "y":1794.06060606061
                }, 
                {
                 "gid":24,
                 "height":64,
                 "id":424,
                 "name":"",
                 "rotation":0,
                 "type":"coin",
                 "visible":true,
                 "width":96,
                 "x":590,
                 "y":1224
                }, 
                {
                 "gid":50,
                 "height":96,
                 "id":432,
                 "name":"",
                 "rotation":0,
                 "type":"",
                 "visible":true,
                 "width":96,
                 "x":1104,
                 "y":1192
                }],
         "opacity":1,
         "type":"objectgroup",
         "visible":true,
         "width":80,
         "x":0,
         "y":0
        }, 
        {
         "draworder":"topdown",
         "height":40,
         "name":"ground",
         "objects":[
                {
                 "gid":28,
                 "height":64,
                 "id":232,
                 "name":"",
                 "properties":
                    {
                     "bodyType":"static",
                     "floating":"true",
                     "friction":"1.00"
                    },
                 "propertytypes":
                    {
                     "bodyType":"string",
                     "floating":"string",
                     "friction":"string"
                    },
                 "rotation":0,
                 "type":"",
                 "visible":true,
                 "width":192,
                 "x":768,
                 "y":480
                }, 
                {
                 "gid":33,
                 "height":96,
                 "id":258,
                 "name":"",
                 "properties":
                    {
                     "bodyType":"static",
                     "friction":"1.00"
                    },
                 "propertytypes":
                    {
                     "bodyType":"string",
                     "friction":"string"
                    },
                 "rotation":0,
                 "type":"",
                 "visible":true,
                 "width":256,
                 "x":0,
                 "y":2400
                }, 
                {
                 "gid":33,
                 "height":96,
                 "id":259,
                 "name":"",
                 "properties":
                    {
                     "bodyType":"static",
                     "friction":"1.00"
                    },
                 "propertytypes":
                    {
                     "bodyType":"string",
                     "friction":"string"
                    },
                 "rotation":0,
                 "type":"",
                 "visible":true,
                 "width":256,
                 "x":512,
                 "y":2400
                }, 
                {
                 "gid":32,
                 "height":96,
                 "id":260,
                 "name":"",
                 "properties":
                    {
                     "bodyType":"static",
                     "friction":"1.00"
                    },
                 "propertytypes":
                    {
                     "bodyType":"string",
                     "friction":"string"
                    },
                 "rotation":0,
                 "type":"",
                 "visible":true,
                 "width":256,
                 "x":256,
                 "y":2400
                }, 
                {
                 "gid":32,
                 "height":96,
                 "id":261,
                 "name":"",
                 "properties":
                    {
                     "bodyType":"static",
                     "friction":"1.00"
                    },
                 "propertytypes":
                    {
                     "bodyType":"string",
                     "friction":"string"
                    },
                 "rotation":0,
                 "type":"",
                 "visible":true,
                 "width":256,
                 "x":768,
                 "y":2400
                }, 
                {
                 "gid":33,
                 "height":96,
                 "id":262,
                 "name":"",
                 "properties":
                    {
                     "bodyType":"static",
                     "friction":"1.00"
                    },
                 "propertytypes":
                    {
                     "bodyType":"string",
                     "friction":"string"
                    },
                 "rotation":0,
                 "type":"",
                 "visible":true,
                 "width":256,
                 "x":1024,
                 "y":2400
                }, 
                {
                 "gid":33,
                 "height":96,
                 "id":263,
                 "name":"",
                 "properties":
                    {
                     "bodyType":"static",
                     "friction":"1.00"
                    },
                 "propertytypes":
                    {
                     "bodyType":"string",
                     "friction":"string"
                    },
                 "rotation":0,
                 "type":"",
                 "visible":true,
                 "width":256,
                 "x":0,
                 "y":1405
                }, 
                {
                 "gid":10,
                 "height":192,
                 "id":276,
                 "name":"",
                 "properties":
                    {
                     "map":"scene\/game\/map\/sandbox2.json"
                    },
                 "propertytypes":
                    {
                     "map":"string"
                    },
                 "rotation":0,
                 "type":"exit",
                 "visible":true,
                 "width":160,
                 "x":1056,
                 "y":416
                }, 
                {
                 "gid":8,
                 "height":192,
                 "id":278,
                 "name":"",
                 "rotation":0,
                 "type":"",
                 "visible":true,
                 "width":128,
                 "x":1152,
                 "y":640
                }, 
                {
                 "gid":9,
                 "height":192,
                 "id":279,
                 "name":"",
                 "rotation":0,
                 "type":"",
                 "visible":true,
                 "width":128,
                 "x":768,
                 "y":640
                }, 
                {
                 "gid":29,
                 "height":64,
                 "id":283,
                 "name":"",
                 "properties":
                    {
                     "bodyType":"static",
                     "floating":"true",
                     "friction":"1.00"
                    },
                 "propertytypes":
                    {
                     "bodyType":"string",
                     "floating":"string",
                     "friction":"string"
                    },
                 "rotation":0,
                 "type":"",
                 "visible":true,
                 "width":192,
                 "x":736,
                 "y":1248
                }, 
                {
                 "gid":8,
                 "height":192,
                 "id":286,
                 "name":"",
                 "rotation":0,
                 "type":"",
                 "visible":true,
                 "width":128,
                 "x":576,
                 "y":2304
                }, 
                {
                 "gid":33,
                 "height":96,
                 "id":344,
                 "name":"",
                 "properties":
                    {
                     "bodyType":"static",
                     "floating":"false",
                     "friction":"1.00"
                    },
                 "propertytypes":
                    {
                     "bodyType":"string",
                     "floating":"string",
                     "friction":"string"
                    },
                 "rotation":0,
                 "type":"",
                 "visible":true,
                 "width":256,
                 "x":1024,
                 "y":2208
                }, 
                {
                 "gid":32,
                 "height":96,
                 "id":351,
                 "name":"",
                 "properties":
                    {
                     "bodyType":"static",
                     "floating":"false",
                     "friction":"1.00"
                    },
                 "propertytypes":
                    {
                     "bodyType":"string",
                     "floating":"string",
                     "friction":"string"
                    },
                 "rotation":0,
                 "type":"",
                 "visible":true,
                 "width":256,
                 "x":0,
                 "y":2144
                }, 
                {
                 "gid":33,
                 "height":96,
                 "id":386,
                 "name":"",
                 "properties":
                    {
                     "bodyType":"static",
                     "floating":"false",
                     "friction":"1.00"
                    },
                 "propertytypes":
                    {
                     "bodyType":"string",
                     "floating":"string",
                     "friction":"string"
                    },
                 "rotation":0,
                 "type":"",
                 "visible":true,
                 "width":256,
                 "x":512,
                 "y":2144
                }, 
                {
                 "gid":33,
                 "height":96,
                 "id":403,
                 "name":"",
                 "properties":
                    {
                     "bodyType":"static",
                     "floating":"false",
                     "friction":"1.00"
                    },
                 "propertytypes":
                    {
                     "bodyType":"string",
                     "floating":"string",
                     "friction":"string"
                    },
                 "rotation":0,
                 "type":"",
                 "visible":true,
                 "width":256,
                 "x":0,
                 "y":1952
                }, 
                {
                 "gid":33,
                 "height":96,
                 "id":404,
                 "name":"",
                 "properties":
                    {
                     "bodyType":"static",
                     "floating":"false",
                     "friction":"1.00"
                    },
                 "propertytypes":
                    {
                     "bodyType":"string",
                     "floating":"string",
                     "friction":"string"
                    },
                 "rotation":0,
                 "type":"",
                 "visible":true,
                 "width":256,
                 "x":512,
                 "y":1824
                }, 
                {
                 "gid":33,
                 "height":96,
                 "id":406,
                 "name":"",
                 "properties":
                    {
                     "bodyType":"static",
                     "floating":"false",
                     "friction":"1.00"
                    },
                 "propertytypes":
                    {
                     "bodyType":"string",
                     "floating":"string",
                     "friction":"string"
                    },
                 "rotation":0,
                 "type":"",
                 "visible":true,
                 "width":256,
                 "x":1024,
                 "y":1728
                }, 
                {
                 "gid":32,
                 "height":96,
                 "id":409,
                 "name":"",
                 "properties":
                    {
                     "bodyType":"static",
                     "floating":"false",
                     "friction":"1.00"
                    },
                 "propertytypes":
                    {
                     "bodyType":"string",
                     "floating":"string",
                     "friction":"string"
                    },
                 "rotation":0,
                 "type":"",
                 "visible":true,
                 "width":256,
                 "x":1024,
                 "y":1504
                }, 
                {
                 "gid":33,
                 "height":96,
                 "id":425,
                 "name":"",
                 "properties":
                    {
                     "bodyType":"static",
                     "floating":"false",
                     "friction":"1.00"
                    },
                 "propertytypes":
                    {
                     "bodyType":"string",
                     "floating":"string",
                     "friction":"string"
                    },
                 "rotation":0,
                 "type":"",
                 "visible":true,
                 "width":256,
                 "x":512,
                 "y":1410
                }, 
                {
                 "gid":29,
                 "height":64,
                 "id":427,
                 "name":"",
                 "properties":
                    {
                     "bodyType":"static",
                     "floating":"true",
                     "friction":"1.00"
                    },
                 "propertytypes":
                    {
                     "bodyType":"string",
                     "floating":"string",
                     "friction":"string"
                    },
                 "rotation":0,
                 "type":"",
                 "visible":true,
                 "width":192,
                 "x":736,
                 "y":1056
                }, 
                {
                 "gid":29,
                 "height":64,
                 "id":428,
                 "name":"",
                 "properties":
                    {
                     "bodyType":"static",
                     "floating":"true",
                     "friction":"1.00"
                    },
                 "propertytypes":
                    {
                     "bodyType":"string",
                     "floating":"string",
                     "friction":"string"
                    },
                 "rotation":0,
                 "type":"",
                 "visible":true,
                 "width":192,
                 "x":384,
                 "y":960
                }, 
                {
                 "gid":28,
                 "height":64,
                 "id":429,
                 "name":"",
                 "properties":
                    {
                     "bodyType":"static",
                     "floating":"true",
                     "friction":"1.00"
                    },
                 "propertytypes":
                    {
                     "bodyType":"string",
                     "floating":"string",
                     "friction":"string"
                    },
                 "rotation":0,
                 "type":"",
                 "visible":true,
                 "width":192,
                 "x":384,
                 "y":1152
                }, 
                {
                 "gid":32,
                 "height":96,
                 "id":430,
                 "name":"",
                 "properties":
                    {
                     "bodyType":"static",
                     "floating":"false",
                     "friction":"1.00"
                    },
                 "propertytypes":
                    {
                     "bodyType":"string",
                     "floating":"string",
                     "friction":"string"
                    },
                 "rotation":0,
                 "type":"",
                 "visible":true,
                 "width":256,
                 "x":768,
                 "y":736
                }, 
                {
                 "gid":32,
                 "height":96,
                 "id":431,
                 "name":"",
                 "properties":
                    {
                     "bodyType":"static",
                     "floating":"false",
                     "friction":"1.00"
                    },
                 "propertytypes":
                    {
                     "bodyType":"string",
                     "floating":"string",
                     "friction":"string"
                    },
                 "rotation":0,
                 "type":"",
                 "visible":true,
                 "width":256,
                 "x":1024,
                 "y":736
                }, 
                {
                 "gid":28,
                 "height":64,
                 "id":436,
                 "name":"",
                 "properties":
                    {
                     "bodyType":"static",
                     "floating":"true",
                     "friction":"1.00"
                    },
                 "propertytypes":
                    {
                     "bodyType":"string",
                     "floating":"string",
                     "friction":"string"
                    },
                 "rotation":0,
                 "type":"",
                 "visible":true,
                 "width":192,
                 "x":960,
                 "y":480
                }, 
                {
                 "gid":28,
                 "height":64,
                 "id":437,
                 "name":"",
                 "properties":
                    {
                     "bodyType":"static",
                     "floating":"true",
                     "friction":"1.00"
                    },
                 "propertytypes":
                    {
                     "bodyType":"string",
                     "floating":"string",
                     "friction":"string"
                    },
                 "rotation":0,
                 "type":"",
                 "visible":true,
                 "width":192,
                 "x":1088,
                 "y":480
                }, 
                {
                 "gid":29,
                 "height":64,
                 "id":438,
                 "name":"",
                 "properties":
                    {
                     "bodyType":"static",
                     "floating":"true",
                     "friction":"1.00"
                    },
                 "propertytypes":
                    {
                     "bodyType":"string",
                     "floating":"string",
                     "friction":"string"
                    },
                 "rotation":0,
                 "type":"",
                 "visible":true,
                 "width":192,
                 "x":32,
                 "y":704
                }, 
                {
                 "gid":29,
                 "height":64,
                 "id":439,
                 "name":"",
                 "properties":
                    {
                     "bodyType":"static",
                     "floating":"true",
                     "friction":"1.00"
                    },
                 "propertytypes":
                    {
                     "bodyType":"string",
                     "floating":"string",
                     "friction":"string"
                    },
                 "rotation":0,
                 "type":"",
                 "visible":true,
                 "width":192,
                 "x":288,
                 "y":576
                }, 
                {
                 "gid":28,
                 "height":64,
                 "id":452,
                 "name":"",
                 "properties":
                    {
                     "bodyType":"static",
                     "floating":"true",
                     "friction":"1.00"
                    },
                 "propertytypes":
                    {
                     "bodyType":"string",
                     "floating":"string",
                     "friction":"string"
                    },
                 "rotation":0,
                 "type":"",
                 "visible":true,
                 "width":192,
                 "x":640,
                 "y":480
                }, 
                {
                 "gid":28,
                 "height":64,
                 "id":472,
                 "name":"",
                 "properties":
                    {
                     "bodyType":"static",
                     "floating":"true",
                     "friction":"1.00"
                    },
                 "propertytypes":
                    {
                     "bodyType":"string",
                     "floating":"string",
                     "friction":"string"
                    },
                 "rotation":0,
                 "type":"",
                 "visible":true,
                 "width":192,
                 "x":128,
                 "y":832
                }],
         "opacity":1,
         "type":"objectgroup",
         "visible":true,
         "width":80,
         "x":0,
         "y":0
        }, 
        {
         "draworder":"topdown",
         "height":40,
         "name":"castledeco",
         "objects":[
                {
                 "gid":55,
                 "height":64,
                 "id":227,
                 "name":"",
                 "rotation":0,
                 "type":"",
                 "visible":true,
                 "width":65,
                 "x":64,
                 "y":128
                }, 
                {
                 "gid":55,
                 "height":64,
                 "id":229,
                 "name":"",
                 "rotation":0,
                 "type":"",
                 "visible":true,
                 "width":65,
                 "x":320,
                 "y":1664
                }, 
                {
                 "gid":54,
                 "height":128,
                 "id":359,
                 "name":"",
                 "rotation":0,
                 "type":"",
                 "visible":true,
                 "width":160,
                 "x":943.636363636364,
                 "y":1456.84848484848
                }, 
                {
                 "gid":56,
                 "height":64,
                 "id":367,
                 "name":"",
                 "rotation":0,
                 "type":"",
                 "visible":true,
                 "width":64,
                 "x":1120,
                 "y":1984
                }, 
                {
                 "gid":56,
                 "height":64,
                 "id":370,
                 "name":"",
                 "rotation":0,
                 "type":"",
                 "visible":true,
                 "width":64,
                 "x":96,
                 "y":544
                }, 
                {
                 "gid":8,
                 "height":192,
                 "id":399,
                 "name":"",
                 "rotation":0,
                 "type":"",
                 "visible":true,
                 "width":128,
                 "x":64,
                 "y":2304
                }, 
                {
                 "gid":55,
                 "height":64,
                 "id":407,
                 "name":"",
                 "rotation":0,
                 "type":"",
                 "visible":true,
                 "width":65,
                 "x":896,
                 "y":1536
                }, 
                {
                 "gid":54,
                 "height":128,
                 "id":411,
                 "name":"",
                 "rotation":0,
                 "type":"",
                 "visible":true,
                 "width":160,
                 "x":831.515151515152,
                 "y":2065.93939393939
                }, 
                {
                 "gid":55,
                 "height":64,
                 "id":441,
                 "name":"",
                 "rotation":0,
                 "type":"",
                 "visible":true,
                 "width":65,
                 "x":320,
                 "y":128
                }, 
                {
                 "gid":55,
                 "height":64,
                 "id":442,
                 "name":"",
                 "rotation":0,
                 "type":"",
                 "visible":true,
                 "width":65,
                 "x":576,
                 "y":128
                }, 
                {
                 "gid":55,
                 "height":64,
                 "id":443,
                 "name":"",
                 "rotation":0,
                 "type":"",
                 "visible":true,
                 "width":65,
                 "x":832,
                 "y":128
                }, 
                {
                 "gid":55,
                 "height":64,
                 "id":445,
                 "name":"",
                 "rotation":0,
                 "type":"",
                 "visible":true,
                 "width":65,
                 "x":1088,
                 "y":128
                }, 
                {
                 "gid":54,
                 "height":128,
                 "id":446,
                 "name":"",
                 "rotation":0,
                 "type":"",
                 "visible":true,
                 "width":160,
                 "x":320,
                 "y":1472
                }, 
                {
                 "gid":54,
                 "height":128,
                 "id":447,
                 "name":"",
                 "rotation":0,
                 "type":"",
                 "visible":true,
                 "width":160,
                 "x":32,
                 "y":1120
                }, 
                {
                 "gid":54,
                 "height":128,
                 "id":448,
                 "name":"",
                 "rotation":0,
                 "type":"",
                 "visible":true,
                 "width":160,
                 "x":992,
                 "y":896
                }, 
                {
                 "gid":2147483702,
                 "height":128,
                 "id":449,
                 "name":"",
                 "rotation":0,
                 "type":"",
                 "visible":true,
                 "width":160,
                 "x":64,
                 "y":384
                }, 
                {
                 "gid":2147483702,
                 "height":128,
                 "id":450,
                 "name":"",
                 "rotation":0,
                 "type":"",
                 "visible":true,
                 "width":160,
                 "x":640,
                 "y":256
                }, 
                {
                 "gid":56,
                 "height":64,
                 "id":453,
                 "name":"",
                 "rotation":0,
                 "type":"",
                 "visible":true,
                 "width":64,
                 "x":640,
                 "y":544
                }],
         "opacity":1,
         "type":"objectgroup",
         "visible":true,
         "width":80,
         "x":0,
         "y":0
        }, 
        {
         "draworder":"topdown",
         "height":31,
         "name":"shading",
         "objects":[
                {
                 "gid":45,
                 "height":2560,
                 "id":112,
                 "name":"",
                 "rotation":0,
                 "type":"",
                 "visible":true,
                 "width":96,
                 "x":-96,
                 "y":2560
                }, 
                {
                 "gid":45,
                 "height":2560,
                 "id":394,
                 "name":"",
                 "rotation":0,
                 "type":"",
                 "visible":true,
                 "width":96,
                 "x":1280,
                 "y":2560
                }],
         "opacity":0.159999996423721,
         "type":"objectgroup",
         "visible":true,
         "width":80,
         "x":0,
         "y":0
        }, 
        {
         "draworder":"topdown",
         "height":31,
         "name":"light",
         "objects":[
                {
                 "gid":16,
                 "height":192,
                 "id":335,
                 "name":"",
                 "rotation":0,
                 "type":"",
                 "visible":true,
                 "width":192,
                 "x":827.030303030303,
                 "y":273.939393939394
                }, 
                {
                 "gid":16,
                 "height":192,
                 "id":336,
                 "name":"",
                 "rotation":0,
                 "type":"",
                 "visible":true,
                 "width":192,
                 "x":927.878787878788,
                 "y":1983.0303030303
                }, 
                {
                 "gid":16,
                 "height":192,
                 "id":340,
                 "name":"",
                 "rotation":0,
                 "type":"",
                 "visible":true,
                 "width":192,
                 "x":96,
                 "y":1248
                }, 
                {
                 "gid":16,
                 "height":192,
                 "id":413,
                 "name":"",
                 "rotation":0,
                 "type":"",
                 "visible":true,
                 "width":192,
                 "x":95.5454545454545,
                 "y":1786.06060606061
                }, 
                {
                 "gid":16,
                 "height":192,
                 "id":433,
                 "name":"",
                 "rotation":0,
                 "type":"",
                 "visible":true,
                 "width":192,
                 "x":1056,
                 "y":1184
                }],
         "opacity":0.5,
         "type":"objectgroup",
         "visible":true,
         "width":80,
         "x":0,
         "y":0
        }, 
        {
         "draworder":"topdown",
         "height":40,
         "name":"game",
         "objects":[
                {
                 "gid":22,
                 "height":160,
                 "id":58,
                 "name":"hero",
                 "rotation":0,
                 "type":"hero",
                 "visible":true,
                 "width":128,
                 "x":288,
                 "y":2304
                }, 
                {
                 "gid":44,
                 "height":96,
                 "id":111,
                 "name":"block",
                 "properties":
                    {
                     "bodyType":"dynamic",
                     "density":2,
                     "friction":0.45
                    },
                 "propertytypes":
                    {
                     "bodyType":"string",
                     "density":"float",
                     "friction":"float"
                    },
                 "rotation":0,
                 "type":"",
                 "visible":true,
                 "width":96,
                 "x":416,
                 "y":512
                }, 
                {
                 "gid":3,
                 "height":64,
                 "id":161,
                 "name":"hey",
                 "rotation":0,
                 "type":"blob",
                 "visible":true,
                 "width":96,
                 "x":92.969696969697,
                 "y":1753.21212121212
                }, 
                {
                 "gid":2,
                 "height":64,
                 "id":160,
                 "name":"",
                 "rotation":0,
                 "type":"blob",
                 "visible":true,
                 "width":96,
                 "x":1056,
                 "y":1568
                }, 
                {
                 "gid":2147483711,
                 "height":160,
                 "id":189,
                 "name":"",
                 "rotation":0,
                 "type":"enemy",
                 "visible":true,
                 "width":133,
                 "x":1056,
                 "y":640
                }, 
                {
                 "gid":17,
                 "height":64,
                 "id":190,
                 "name":"",
                 "rotation":0,
                 "type":"coin",
                 "visible":true,
                 "width":64,
                 "x":448,
                 "y":1056
                }, 
                {
                 "gid":17,
                 "height":64,
                 "id":192,
                 "name":"",
                 "rotation":0,
                 "type":"coin",
                 "visible":true,
                 "width":64,
                 "x":768,
                 "y":352
                }, 
                {
                 "gid":44,
                 "height":96,
                 "id":231,
                 "name":"block",
                 "properties":
                    {
                     "bodyType":"dynamic",
                     "density":2,
                     "friction":0.45
                    },
                 "propertytypes":
                    {
                     "bodyType":"string",
                     "density":"float",
                     "friction":"float"
                    },
                 "rotation":0,
                 "type":"",
                 "visible":true,
                 "width":96,
                 "x":1184,
                 "y":2304
                }, 
                {
                 "gid":44,
                 "height":96,
                 "id":401,
                 "name":"block",
                 "properties":
                    {
                     "bodyType":"dynamic",
                     "density":2,
                     "friction":0.45
                    },
                 "propertytypes":
                    {
                     "bodyType":"string",
                     "density":"float",
                     "friction":"float"
                    },
                 "rotation":0,
                 "type":"",
                 "visible":true,
                 "width":96,
                 "x":0,
                 "y":2048
                }, 
                {
                 "gid":44,
                 "height":96,
                 "id":410,
                 "name":"block",
                 "properties":
                    {
                     "bodyType":"dynamic",
                     "density":2,
                     "friction":0.45
                    },
                 "propertytypes":
                    {
                     "bodyType":"string",
                     "density":"float",
                     "friction":"float"
                    },
                 "rotation":0,
                 "type":"",
                 "visible":true,
                 "width":96,
                 "x":1184,
                 "y":1632
                }, 
                {
                 "gid":17,
                 "height":64,
                 "id":434,
                 "name":"",
                 "rotation":0,
                 "type":"coin",
                 "visible":true,
                 "width":64,
                 "x":800,
                 "y":928
                }, 
                {
                 "gid":17,
                 "height":64,
                 "id":435,
                 "name":"",
                 "rotation":0,
                 "type":"coin",
                 "visible":true,
                 "width":64,
                 "x":448,
                 "y":864
                }, 
                {
                 "gid":2,
                 "height":64,
                 "id":469,
                 "name":"",
                 "rotation":0,
                 "type":"blob",
                 "visible":true,
                 "width":96,
                 "x":728,
                 "y":630
                }, 
                {
                 "gid":2,
                 "height":64,
                 "id":470,
                 "name":"",
                 "rotation":0,
                 "type":"blob",
                 "visible":true,
                 "width":96,
                 "x":64,
                 "y":1276
                }, 
                {
                 "gid":3,
                 "height":64,
                 "id":471,
                 "name":"hey",
                 "rotation":0,
                 "type":"blob",
                 "visible":true,
                 "width":96,
                 "x":88.969696969697,
                 "y":625.212121212121
                }],
         "opacity":1,
         "type":"objectgroup",
         "visible":true,
         "width":80,
         "x":0,
         "y":0
        }, 
        {
         "draworder":"topdown",
         "height":31,
         "name":"above",
         "objects":[
                {
                 "gid":51,
                 "height":32,
                 "id":379,
                 "name":"",
                 "rotation":0,
                 "type":"spikes",
                 "visible":true,
                 "width":128,
                 "x":0,
                 "y":1312
                }, 
                {
                 "gid":51,
                 "height":32,
                 "id":380,
                 "name":"",
                 "rotation":0,
                 "type":"spikes",
                 "visible":true,
                 "width":128,
                 "x":128,
                 "y":1312
                }, 
                {
                 "gid":51,
                 "height":32,
                 "id":381,
                 "name":"",
                 "rotation":0,
                 "type":"spikes",
                 "visible":true,
                 "width":128,
                 "x":0,
                 "y":2560
                }, 
                {
                 "gid":51,
                 "height":32,
                 "id":382,
                 "name":"",
                 "rotation":0,
                 "type":"spikes",
                 "visible":true,
                 "width":128,
                 "x":128,
                 "y":2560
                }, 
                {
                 "gid":51,
                 "height":32,
                 "id":416,
                 "name":"",
                 "rotation":0,
                 "type":"spikes",
                 "visible":true,
                 "width":128,
                 "x":384,
                 "y":2560
                }, 
                {
                 "gid":51,
                 "height":32,
                 "id":417,
                 "name":"",
                 "rotation":0,
                 "type":"spikes",
                 "visible":true,
                 "width":128,
                 "x":256,
                 "y":2560
                }, 
                {
                 "gid":51,
                 "height":32,
                 "id":418,
                 "name":"",
                 "rotation":0,
                 "type":"spikes",
                 "visible":true,
                 "width":128,
                 "x":640,
                 "y":2560
                }, 
                {
                 "gid":51,
                 "height":32,
                 "id":419,
                 "name":"",
                 "rotation":0,
                 "type":"spikes",
                 "visible":true,
                 "width":128,
                 "x":512,
                 "y":2560
                }, 
                {
                 "gid":51,
                 "height":32,
                 "id":420,
                 "name":"",
                 "rotation":0,
                 "type":"spikes",
                 "visible":true,
                 "width":128,
                 "x":896,
                 "y":2560
                }, 
                {
                 "gid":51,
                 "height":32,
                 "id":421,
                 "name":"",
                 "rotation":0,
                 "type":"spikes",
                 "visible":true,
                 "width":128,
                 "x":768,
                 "y":2560
                }, 
                {
                 "gid":51,
                 "height":32,
                 "id":422,
                 "name":"",
                 "rotation":0,
                 "type":"spikes",
                 "visible":true,
                 "width":128,
                 "x":1152,
                 "y":2560
                }, 
                {
                 "gid":51,
                 "height":32,
                 "id":423,
                 "name":"",
                 "rotation":0,
                 "type":"spikes",
                 "visible":true,
                 "width":128,
                 "x":1024,
                 "y":2560
                }, 
                {
                 "gid":54,
                 "height":128,
                 "id":294,
                 "name":"",
                 "rotation":0,
                 "type":"",
                 "visible":true,
                 "width":160,
                 "x":1460,
                 "y":2536
                }, 
                {
                 "gid":54,
                 "height":128,
                 "id":454,
                 "name":"",
                 "rotation":0,
                 "type":"",
                 "visible":true,
                 "width":160,
                 "x":1556,
                 "y":2216
                }, 
                {
                 "gid":54,
                 "height":128,
                 "id":455,
                 "name":"",
                 "rotation":0,
                 "type":"",
                 "visible":true,
                 "width":160,
                 "x":1428,
                 "y":1768
                }, 
                {
                 "gid":2147483702,
                 "height":128,
                 "id":457,
                 "name":"",
                 "rotation":0,
                 "type":"",
                 "visible":true,
                 "width":160,
                 "x":1436,
                 "y":1104
                }, 
                {
                 "gid":1073741878,
                 "height":128,
                 "id":458,
                 "name":"",
                 "rotation":0,
                 "type":"",
                 "visible":true,
                 "width":160,
                 "x":1440,
                 "y":760
                }, 
                {
                 "gid":1073741878,
                 "height":128,
                 "id":459,
                 "name":"",
                 "rotation":0,
                 "type":"",
                 "visible":true,
                 "width":160,
                 "x":1448,
                 "y":200
                }, 
                {
                 "gid":54,
                 "height":128,
                 "id":292,
                 "name":"",
                 "rotation":0,
                 "type":"",
                 "visible":true,
                 "width":160,
                 "x":1364,
                 "y":544
                }, 
                {
                 "gid":54,
                 "height":128,
                 "id":293,
                 "name":"",
                 "rotation":0,
                 "type":"",
                 "visible":true,
                 "width":160,
                 "x":1364,
                 "y":1416
                }, 
                {
                 "gid":54,
                 "height":128,
                 "id":361,
                 "name":"",
                 "rotation":0,
                 "type":"",
                 "visible":true,
                 "width":160,
                 "x":1396,
                 "y":2028
                }, 
                {
                 "gid":54,
                 "height":128,
                 "id":460,
                 "name":"",
                 "rotation":0,
                 "type":"",
                 "visible":true,
                 "width":160,
                 "x":-364,
                 "y":2484
                }, 
                {
                 "gid":1073741878,
                 "height":128,
                 "id":461,
                 "name":"",
                 "rotation":0,
                 "type":"",
                 "visible":true,
                 "width":160,
                 "x":-268,
                 "y":628
                }, 
                {
                 "gid":1073741878,
                 "height":128,
                 "id":462,
                 "name":"",
                 "rotation":0,
                 "type":"",
                 "visible":true,
                 "width":160,
                 "x":-332,
                 "y":276
                }, 
                {
                 "gid":54,
                 "height":128,
                 "id":463,
                 "name":"",
                 "rotation":0,
                 "type":"",
                 "visible":true,
                 "width":160,
                 "x":-396,
                 "y":1716
                }, 
                {
                 "gid":2147483702,
                 "height":128,
                 "id":464,
                 "name":"",
                 "rotation":0,
                 "type":"",
                 "visible":true,
                 "width":160,
                 "x":-364,
                 "y":948
                }, 
                {
                 "gid":54,
                 "height":128,
                 "id":466,
                 "name":"",
                 "rotation":0,
                 "type":"",
                 "visible":true,
                 "width":160,
                 "x":-428,
                 "y":1976
                }, 
                {
                 "gid":54,
                 "height":128,
                 "id":467,
                 "name":"",
                 "rotation":0,
                 "type":"",
                 "visible":true,
                 "width":160,
                 "x":-296,
                 "y":2184
                }, 
                {
                 "gid":54,
                 "height":128,
                 "id":468,
                 "name":"",
                 "rotation":0,
                 "type":"",
                 "visible":true,
                 "width":160,
                 "x":-316,
                 "y":1324
                }],
         "opacity":1,
         "type":"objectgroup",
         "visible":true,
         "width":80,
         "x":0,
         "y":0
        }, 
        {
         "draworder":"topdown",
         "height":31,
         "name":"bounds",
         "objects":[
                {
                 "height":2560,
                 "id":375,
                 "name":"",
                 "properties":
                    {
                     "bodyType":"static"
                    },
                 "propertytypes":
                    {
                     "bodyType":"string"
                    },
                 "rotation":0,
                 "type":"",
                 "visible":true,
                 "width":32,
                 "x":-32,
                 "y":0
                }, 
                {
                 "height":2560,
                 "id":376,
                 "name":"",
                 "properties":
                    {
                     "bodyType":"static"
                    },
                 "propertytypes":
                    {
                     "bodyType":"string"
                    },
                 "rotation":0,
                 "type":"",
                 "visible":true,
                 "width":32,
                 "x":1280,
                 "y":0
                }, 
                {
                 "height":192,
                 "id":440,
                 "name":"",
                 "properties":
                    {
                     "bodyType":"static"
                    },
                 "propertytypes":
                    {
                     "bodyType":"string"
                    },
                 "rotation":0,
                 "type":"",
                 "visible":true,
                 "width":32,
                 "x":832,
                 "y":448
                }],
         "opacity":1,
         "type":"objectgroup",
         "visible":false,
         "width":80,
         "x":0,
         "y":0
        }],
 "nextobjectid":473,
 "orientation":"orthogonal",
 "renderorder":"right-down",
 "tileheight":32,
 "tilesets":[
        {
         "columns":0,
         "firstgid":1,
         "margin":0,
         "name":"objs",
         "spacing":0,
         "tilecount":62,
         "tileheight":332,
         "tiles":
            {
             "0":
                {
                 "image":"alter.png"
                },
             "1":
                {
                 "image":"blobBlue.png"
                },
             "10":
                {
                 "image":"doorGreenStroke.png"
                },
             "11":
                {
                 "image":"doorRedStroked.png"
                },
             "12":
                {
                 "image":"doorStroked.png"
                },
             "13":
                {
                 "image":"earthWall.png"
                },
             "14":
                {
                 "image":"exit.png"
                },
             "15":
                {
                 "image":"flare.png"
                },
             "16":
                {
                 "image":"gemBlueStroked.png"
                },
             "17":
                {
                 "image":"gemRedStroked.png"
                },
             "18":
                {
                 "image":"grassLarge.png"
                },
             "19":
                {
                 "image":"grassSmall.png"
                },
             "2":
                {
                 "image":"blobGreen.png"
                },
             "20":
                {
                 "image":"grey.png"
                },
             "21":
                {
                 "image":"hero.png"
                },
             "22":
                {
                 "image":"keyGreenStroked.png"
                },
             "23":
                {
                 "image":"keyRedStroked.png"
                },
             "24":
                {
                 "image":"keyYellowStroked.png"
                },
             "25":
                {
                 "image":"platform1.png"
                },
             "26":
                {
                 "image":"platform2.png"
                },
             "27":
                {
                 "image":"platform3.png"
                },
             "28":
                {
                 "image":"platform4.png"
                },
             "29":
                {
                 "image":"platformBase1.png"
                },
             "3":
                {
                 "image":"blue.png"
                },
             "30":
                {
                 "image":"platformBase2.png"
                },
             "31":
                {
                 "image":"platformBase3.png"
                },
             "32":
                {
                 "image":"platformBase4.png"
                },
             "33":
                {
                 "image":"platformBlock1.png"
                },
             "34":
                {
                 "image":"platformBlock2.png"
                },
             "35":
                {
                 "image":"platformBlock3.png"
                },
             "36":
                {
                 "image":"platformBlock4.png"
                },
             "37":
                {
                 "image":"platformConnector1.png"
                },
             "38":
                {
                 "image":"platformConnector2.png"
                },
             "39":
                {
                 "image":"platformConnector3.png"
                },
             "4":
                {
                 "image":"bombStroked.png"
                },
             "40":
                {
                 "image":"platformConnector4.png"
                },
             "41":
                {
                 "image":"pushBlock1.png"
                },
             "42":
                {
                 "image":"pushBlock2.png"
                },
             "43":
                {
                 "image":"pushBlock3.png"
                },
             "44":
                {
                 "image":"shadow.png"
                },
             "45":
                {
                 "image":"shieldStroked.png"
                },
             "46":
                {
                 "image":"sign.png"
                },
             "48":
                {
                 "image":"swordStroked.png"
                },
             "49":
                {
                 "image":"torch.png"
                },
             "5":
                {
                 "image":"castleWall.png"
                },
             "50":
                {
                 "image":"trap.png"
                },
             "51":
                {
                 "image":"wallDecor1.png"
                },
             "52":
                {
                 "image":"wallDecor2.png"
                },
             "53":
                {
                 "image":"wallDecor3.png"
                },
             "54":
                {
                 "image":"window1.png"
                },
             "55":
                {
                 "image":"window2.png"
                },
             "56":
                {
                 "image":"window3.png"
                },
             "57":
                {
                 "image":"backgroundArch.png"
                },
             "58":
                {
                 "image":"backgroundMountain.png"
                },
             "59":
                {
                 "image":"backgroundTower.png"
                },
             "6":
                {
                 "image":"cloud.png"
                },
             "60":
                {
                 "image":"backgroundTree.png"
                },
             "61":
                {
                 "image":"earthWall2.png"
                },
             "62":
                {
                 "image":"skeleton.png"
                },
             "7":
                {
                 "image":"column1.png"
                },
             "8":
                {
                 "image":"column2.png"
                },
             "9":
                {
                 "image":"doorBlueStroked.png"
                }
            },
         "tilewidth":384
        }],
 "tilewidth":32,
 "version":1,
 "width":40
}