{ "backgroundcolor":"#27b99a",
 "height":45,
 "layers":[
        {
         "draworder":"topdown",
         "height":31,
         "name":"parallax",
         "objects":[
                {
                 "gid":7,
                 "height":128,
                 "id":95,
                 "name":"",
                 "rotation":0,
                 "type":"",
                 "visible":true,
                 "width":384,
                 "x":-16.2424242424242,
                 "y":452.393939393939
                }, 
                {
                 "gid":16,
                 "height":192,
                 "id":90,
                 "name":"",
                 "rotation":0,
                 "type":"",
                 "visible":true,
                 "width":192,
                 "x":146.969696969697,
                 "y":693.727272727273
                }, 
                {
                 "gid":2147483655,
                 "height":128,
                 "id":91,
                 "name":"",
                 "rotation":0,
                 "type":"",
                 "visible":true,
                 "width":384,
                 "x":373.939393939394,
                 "y":627.121212121212
                }, 
                {
                 "gid":2147483655,
                 "height":128,
                 "id":93,
                 "name":"",
                 "rotation":0,
                 "type":"",
                 "visible":true,
                 "width":384,
                 "x":2105.84848484848,
                 "y":510.818181818182
                }, 
                {
                 "gid":7,
                 "height":128,
                 "id":92,
                 "name":"",
                 "rotation":0,
                 "type":"",
                 "visible":true,
                 "width":384,
                 "x":1453.51515151515,
                 "y":651.909090909091
                }, 
                {
                 "gid":7,
                 "height":128,
                 "id":94,
                 "name":"",
                 "rotation":0,
                 "type":"",
                 "visible":true,
                 "width":384,
                 "x":946.606060606061,
                 "y":420.454545454545
                }, 
                {
                 "gid":59,
                 "height":320,
                 "id":105,
                 "name":"",
                 "rotation":0,
                 "type":"",
                 "visible":true,
                 "width":837.333333333333,
                 "x":66.6666666666667,
                 "y":1079
                }, 
                {
                 "gid":59,
                 "height":448,
                 "id":106,
                 "name":"",
                 "rotation":0,
                 "type":"",
                 "visible":true,
                 "width":920,
                 "x":592,
                 "y":1055
                }, 
                {
                 "gid":59,
                 "height":352,
                 "id":107,
                 "name":"",
                 "rotation":-10.4468688354813,
                 "type":"",
                 "visible":true,
                 "width":920,
                 "x":1173.53816624327,
                 "y":1179.49141575096
                }, 
                {
                 "gid":59,
                 "height":448,
                 "id":108,
                 "name":"",
                 "rotation":0,
                 "type":"",
                 "visible":true,
                 "width":656.363636363636,
                 "x":1824.66666666667,
                 "y":1141
                }, 
                {
                 "gid":60,
                 "height":332,
                 "id":109,
                 "name":"",
                 "rotation":0,
                 "type":"",
                 "visible":true,
                 "width":129,
                 "x":2145.33333333333,
                 "y":817
                }, 
                {
                 "gid":60,
                 "height":332,
                 "id":110,
                 "name":"",
                 "rotation":0,
                 "type":"",
                 "visible":true,
                 "width":129,
                 "x":1771.51515151515,
                 "y":976.69696969697
                }, 
                {
                 "gid":60,
                 "height":332,
                 "id":113,
                 "name":"",
                 "rotation":0,
                 "type":"",
                 "visible":true,
                 "width":129,
                 "x":847.515151515151,
                 "y":823.787878787878
                }],
         "opacity":1,
         "type":"objectgroup",
         "visible":true,
         "width":80,
         "x":0,
         "y":0
        }, 
        {
         "draworder":"topdown",
         "height":40,
         "name":"background",
         "objects":[
                {
                 "gid":14,
                 "height":385,
                 "id":1,
                 "name":"",
                 "rotation":0,
                 "type":"",
                 "visible":true,
                 "width":2528,
                 "x":0,
                 "y":1440
                }, 
                {
                 "gid":14,
                 "height":320,
                 "id":79,
                 "name":"",
                 "rotation":0,
                 "type":"",
                 "visible":true,
                 "width":512,
                 "x":448,
                 "y":1087
                }, 
                {
                 "gid":62,
                 "height":160,
                 "id":169,
                 "name":"",
                 "rotation":0,
                 "type":"",
                 "visible":true,
                 "width":256,
                 "x":1216,
                 "y":991
                }, 
                {
                 "gid":62,
                 "height":160,
                 "id":172,
                 "name":"",
                 "rotation":0,
                 "type":"",
                 "visible":true,
                 "width":256,
                 "x":992,
                 "y":1023
                }, 
                {
                 "gid":62,
                 "height":160,
                 "id":177,
                 "name":"",
                 "rotation":0,
                 "type":"",
                 "visible":true,
                 "width":256,
                 "x":512,
                 "y":735
                }],
         "opacity":1,
         "type":"objectgroup",
         "visible":true,
         "width":80,
         "x":0,
         "y":0
        }, 
        {
         "draworder":"topdown",
         "height":40,
         "name":"ground",
         "objects":[
                {
                 "gid":31,
                 "height":96,
                 "id":2,
                 "name":"",
                 "properties":
                    {
                     "bodyType":"static",
                     "friction":1
                    },
                 "propertytypes":
                    {
                     "bodyType":"string",
                     "friction":"float"
                    },
                 "rotation":0,
                 "type":"",
                 "visible":true,
                 "width":256,
                 "x":0,
                 "y":1087
                }, 
                {
                 "gid":31,
                 "height":96,
                 "id":3,
                 "name":"",
                 "properties":
                    {
                     "bodyType":"static",
                     "friction":1
                    },
                 "propertytypes":
                    {
                     "bodyType":"string",
                     "friction":"float"
                    },
                 "rotation":0,
                 "type":"",
                 "visible":true,
                 "width":256,
                 "x":256,
                 "y":1087
                }, 
                {
                 "gid":30,
                 "height":96,
                 "id":4,
                 "name":"",
                 "properties":
                    {
                     "bodyType":"static",
                     "floating":true,
                     "friction":1
                    },
                 "propertytypes":
                    {
                     "bodyType":"string",
                     "floating":"bool",
                     "friction":"float"
                    },
                 "rotation":0,
                 "type":"",
                 "visible":true,
                 "width":256,
                 "x":1216,
                 "y":895
                }, 
                {
                 "gid":31,
                 "height":96,
                 "id":5,
                 "name":"",
                 "properties":
                    {
                     "bodyType":"static",
                     "friction":1
                    },
                 "propertytypes":
                    {
                     "bodyType":"string",
                     "friction":"float"
                    },
                 "rotation":0,
                 "type":"",
                 "visible":true,
                 "width":256,
                 "x":512,
                 "y":1087
                }, 
                {
                 "gid":31,
                 "height":96,
                 "id":7,
                 "name":"",
                 "properties":
                    {
                     "bodyType":"static",
                     "friction":1
                    },
                 "propertytypes":
                    {
                     "bodyType":"string",
                     "friction":"float"
                    },
                 "rotation":0,
                 "type":"",
                 "visible":true,
                 "width":256,
                 "x":768,
                 "y":1087
                }, 
                {
                 "gid":31,
                 "height":96,
                 "id":9,
                 "name":"",
                 "properties":
                    {
                     "bodyType":"static",
                     "friction":1
                    },
                 "propertytypes":
                    {
                     "bodyType":"string",
                     "friction":"float"
                    },
                 "rotation":0,
                 "type":"",
                 "visible":true,
                 "width":256,
                 "x":992,
                 "y":1087
                }, 
                {
                 "gid":31,
                 "height":96,
                 "id":11,
                 "name":"",
                 "properties":
                    {
                     "bodyType":"static",
                     "friction":1
                    },
                 "propertytypes":
                    {
                     "bodyType":"string",
                     "friction":"float"
                    },
                 "rotation":0,
                 "type":"",
                 "visible":true,
                 "width":256,
                 "x":1248,
                 "y":1087
                }, 
                {
                 "gid":52,
                 "height":96,
                 "id":12,
                 "name":"",
                 "rotation":0,
                 "type":"",
                 "visible":true,
                 "width":128,
                 "x":84,
                 "y":1199
                }, 
                {
                 "gid":52,
                 "height":96,
                 "id":13,
                 "name":"",
                 "rotation":0,
                 "type":"",
                 "visible":true,
                 "width":128,
                 "x":652,
                 "y":1319
                }, 
                {
                 "gid":52,
                 "height":96,
                 "id":14,
                 "name":"",
                 "rotation":0,
                 "type":"",
                 "visible":true,
                 "width":128,
                 "x":972,
                 "y":1203
                }, 
                {
                 "gid":52,
                 "height":96,
                 "id":15,
                 "name":"",
                 "rotation":0,
                 "type":"",
                 "visible":true,
                 "width":128,
                 "x":1420,
                 "y":1319
                }, 
                {
                 "gid":52,
                 "height":96,
                 "id":16,
                 "name":"",
                 "rotation":0,
                 "type":"",
                 "visible":true,
                 "width":128,
                 "x":1748,
                 "y":1183
                }, 
                {
                 "gid":52,
                 "height":96,
                 "id":17,
                 "name":"",
                 "rotation":0,
                 "type":"",
                 "visible":true,
                 "width":128,
                 "x":1964.24242424242,
                 "y":1354.15151515152
                }, 
                {
                 "gid":53,
                 "height":96,
                 "id":18,
                 "name":"",
                 "rotation":0,
                 "type":"",
                 "visible":true,
                 "width":128,
                 "x":272,
                 "y":1295
                }, 
                {
                 "gid":53,
                 "height":96,
                 "id":19,
                 "name":"",
                 "rotation":0,
                 "type":"",
                 "visible":true,
                 "width":128,
                 "x":576,
                 "y":1191
                }, 
                {
                 "gid":53,
                 "height":96,
                 "id":20,
                 "name":"",
                 "rotation":0,
                 "type":"",
                 "visible":true,
                 "width":128,
                 "x":1048,
                 "y":1323
                }, 
                {
                 "gid":53,
                 "height":96,
                 "id":21,
                 "name":"",
                 "rotation":0,
                 "type":"",
                 "visible":true,
                 "width":128,
                 "x":1288,
                 "y":1211
                }, 
                {
                 "gid":53,
                 "height":96,
                 "id":22,
                 "name":"",
                 "rotation":0,
                 "type":"",
                 "visible":true,
                 "width":128,
                 "x":1720,
                 "y":1339
                }, 
                {
                 "gid":53,
                 "height":96,
                 "id":23,
                 "name":"",
                 "rotation":0,
                 "type":"",
                 "visible":true,
                 "width":128,
                 "x":2008,
                 "y":1203
                }, 
                {
                 "gid":53,
                 "height":96,
                 "id":24,
                 "name":"",
                 "rotation":0,
                 "type":"",
                 "visible":true,
                 "width":128,
                 "x":2287.75757575758,
                 "y":1198.0303030303
                }, 
                {
                 "gid":53,
                 "height":96,
                 "id":84,
                 "name":"",
                 "rotation":0,
                 "type":"",
                 "visible":true,
                 "width":128,
                 "x":514.545454545455,
                 "y":907.545454545455
                }, 
                {
                 "gid":52,
                 "height":96,
                 "id":86,
                 "name":"",
                 "rotation":0,
                 "type":"",
                 "visible":true,
                 "width":128,
                 "x":658.666666666667,
                 "y":963.606060606061
                }, 
                {
                 "gid":31,
                 "height":96,
                 "id":87,
                 "name":"",
                 "properties":
                    {
                     "bodyType":"static",
                     "floating":true,
                     "friction":1
                    },
                 "propertytypes":
                    {
                     "bodyType":"string",
                     "floating":"bool",
                     "friction":"float"
                    },
                 "rotation":0,
                 "type":"",
                 "visible":true,
                 "width":256,
                 "x":448,
                 "y":831
                }, 
                {
                 "gid":53,
                 "height":96,
                 "id":121,
                 "name":"",
                 "rotation":0,
                 "type":"",
                 "visible":true,
                 "width":128,
                 "x":2190.78787878788,
                 "y":1361.66666666667
                }, 
                {
                 "gid":53,
                 "height":96,
                 "id":162,
                 "name":"",
                 "rotation":0,
                 "type":"",
                 "visible":true,
                 "width":128,
                 "x":786.545454545455,
                 "y":919.545454545455
                }, 
                {
                 "gid":31,
                 "height":96,
                 "id":163,
                 "name":"",
                 "properties":
                    {
                     "bodyType":"static",
                     "floating":true,
                     "friction":1
                    },
                 "propertytypes":
                    {
                     "bodyType":"string",
                     "floating":"bool",
                     "friction":"float"
                    },
                 "rotation":0,
                 "type":"",
                 "visible":true,
                 "width":256,
                 "x":704,
                 "y":831
                }, 
                {
                 "gid":31,
                 "height":96,
                 "id":164,
                 "name":"",
                 "properties":
                    {
                     "bodyType":"static",
                     "friction":1
                    },
                 "propertytypes":
                    {
                     "bodyType":"string",
                     "friction":"float"
                    },
                 "rotation":0,
                 "type":"",
                 "visible":true,
                 "width":256,
                 "x":1760,
                 "y":1087
                }, 
                {
                 "gid":31,
                 "height":96,
                 "id":166,
                 "name":"",
                 "properties":
                    {
                     "bodyType":"static",
                     "friction":1
                    },
                 "propertytypes":
                    {
                     "bodyType":"string",
                     "friction":"float"
                    },
                 "rotation":0,
                 "type":"",
                 "visible":true,
                 "width":256,
                 "x":2016,
                 "y":1087
                }, 
                {
                 "gid":30,
                 "height":96,
                 "id":175,
                 "name":"",
                 "properties":
                    {
                     "bodyType":"static",
                     "floating":true,
                     "friction":1
                    },
                 "propertytypes":
                    {
                     "bodyType":"string",
                     "floating":"bool",
                     "friction":"float"
                    },
                 "rotation":0,
                 "type":"",
                 "visible":true,
                 "width":256,
                 "x":992,
                 "y":959
                }, 
                {
                 "gid":30,
                 "height":96,
                 "id":176,
                 "name":"",
                 "properties":
                    {
                     "bodyType":"static",
                     "floating":true,
                     "friction":1
                    },
                 "propertytypes":
                    {
                     "bodyType":"string",
                     "floating":"bool",
                     "friction":"float"
                    },
                 "rotation":0,
                 "type":"",
                 "visible":true,
                 "width":256,
                 "x":1472,
                 "y":1023
                }, 
                {
                 "gid":30,
                 "height":96,
                 "id":180,
                 "name":"",
                 "properties":
                    {
                     "bodyType":"static",
                     "floating":true,
                     "friction":1
                    },
                 "propertytypes":
                    {
                     "bodyType":"string",
                     "floating":"bool",
                     "friction":"float"
                    },
                 "rotation":0,
                 "type":"",
                 "visible":true,
                 "width":256,
                 "x":512,
                 "y":671
                }, 
                {
                 "gid":31,
                 "height":96,
                 "id":183,
                 "name":"",
                 "properties":
                    {
                     "bodyType":"static",
                     "friction":1
                    },
                 "propertytypes":
                    {
                     "bodyType":"string",
                     "friction":"float"
                    },
                 "rotation":0,
                 "type":"",
                 "visible":true,
                 "width":256,
                 "x":1504,
                 "y":1087
                }, 
                {
                 "gid":31,
                 "height":96,
                 "id":184,
                 "name":"",
                 "properties":
                    {
                     "bodyType":"static",
                     "friction":1
                    },
                 "propertytypes":
                    {
                     "bodyType":"string",
                     "friction":"float"
                    },
                 "rotation":0,
                 "type":"",
                 "visible":true,
                 "width":256,
                 "x":2272,
                 "y":1087
                }, 
                {
                 "gid":52,
                 "height":96,
                 "id":187,
                 "name":"",
                 "rotation":0,
                 "type":"",
                 "visible":true,
                 "width":128,
                 "x":1280,
                 "y":991
                }, 
                {
                 "gid":52,
                 "height":96,
                 "id":188,
                 "name":"",
                 "rotation":0,
                 "type":"",
                 "visible":true,
                 "width":128,
                 "x":544,
                 "y":735
                }],
         "opacity":1,
         "type":"objectgroup",
         "visible":true,
         "width":80,
         "x":0,
         "y":0
        }, 
        {
         "draworder":"topdown",
         "height":40,
         "name":"castle",
         "objects":[
                {
                 "gid":33,
                 "height":96,
                 "id":25,
                 "name":"",
                 "rotation":0,
                 "type":"",
                 "visible":true,
                 "width":256,
                 "x":1952,
                 "y":1023
                }, 
                {
                 "gid":33,
                 "height":96,
                 "id":26,
                 "name":"",
                 "rotation":0,
                 "type":"",
                 "visible":true,
                 "width":256,
                 "x":1952,
                 "y":959
                }, 
                {
                 "gid":33,
                 "height":96,
                 "id":27,
                 "name":"",
                 "rotation":0,
                 "type":"",
                 "visible":true,
                 "width":256,
                 "x":1952,
                 "y":895
                }, 
                {
                 "gid":33,
                 "height":96,
                 "id":28,
                 "name":"",
                 "rotation":0,
                 "type":"",
                 "visible":true,
                 "width":256,
                 "x":1952,
                 "y":831
                }, 
                {
                 "gid":33,
                 "height":96,
                 "id":29,
                 "name":"",
                 "rotation":0,
                 "type":"",
                 "visible":true,
                 "width":256,
                 "x":1952,
                 "y":639
                }, 
                {
                 "gid":33,
                 "height":96,
                 "id":30,
                 "name":"",
                 "rotation":0,
                 "type":"",
                 "visible":true,
                 "width":256,
                 "x":1952,
                 "y":767
                }, 
                {
                 "gid":33,
                 "height":96,
                 "id":31,
                 "name":"",
                 "rotation":0,
                 "type":"",
                 "visible":true,
                 "width":256,
                 "x":1952,
                 "y":703
                }, 
                {
                 "gid":33,
                 "height":96,
                 "id":33,
                 "name":"",
                 "rotation":0,
                 "type":"",
                 "visible":true,
                 "width":256,
                 "x":1952,
                 "y":575
                }, 
                {
                 "gid":33,
                 "height":96,
                 "id":34,
                 "name":"",
                 "rotation":0,
                 "type":"",
                 "visible":true,
                 "width":256,
                 "x":1888,
                 "y":511
                }, 
                {
                 "gid":2147483681,
                 "height":96,
                 "id":133,
                 "name":"",
                 "rotation":0,
                 "type":"",
                 "visible":true,
                 "width":256,
                 "x":1984,
                 "y":575
                }, 
                {
                 "gid":2147483681,
                 "height":96,
                 "id":134,
                 "name":"",
                 "rotation":0,
                 "type":"",
                 "visible":true,
                 "width":256,
                 "x":1984,
                 "y":703
                }, 
                {
                 "gid":2147483681,
                 "height":96,
                 "id":135,
                 "name":"",
                 "rotation":0,
                 "type":"",
                 "visible":true,
                 "width":256,
                 "x":1984,
                 "y":1023
                }, 
                {
                 "gid":2147483681,
                 "height":96,
                 "id":136,
                 "name":"",
                 "rotation":0,
                 "type":"",
                 "visible":true,
                 "width":256,
                 "x":1984,
                 "y":639
                }, 
                {
                 "gid":2147483681,
                 "height":96,
                 "id":137,
                 "name":"",
                 "rotation":0,
                 "type":"",
                 "visible":true,
                 "width":256,
                 "x":1984,
                 "y":895
                }, 
                {
                 "gid":2147483681,
                 "height":96,
                 "id":138,
                 "name":"",
                 "rotation":0,
                 "type":"",
                 "visible":true,
                 "width":256,
                 "x":2048,
                 "y":511
                }, 
                {
                 "gid":2147483681,
                 "height":96,
                 "id":139,
                 "name":"",
                 "rotation":0,
                 "type":"",
                 "visible":true,
                 "width":256,
                 "x":1984,
                 "y":831
                }, 
                {
                 "gid":2147483681,
                 "height":96,
                 "id":140,
                 "name":"",
                 "rotation":0,
                 "type":"",
                 "visible":true,
                 "width":256,
                 "x":1984,
                 "y":767
                }, 
                {
                 "gid":2147483681,
                 "height":96,
                 "id":141,
                 "name":"",
                 "rotation":0,
                 "type":"",
                 "visible":true,
                 "width":256,
                 "x":1984,
                 "y":959
                }, 
                {
                 "gid":2147483681,
                 "height":96,
                 "id":146,
                 "name":"",
                 "rotation":0,
                 "type":"",
                 "visible":true,
                 "width":256,
                 "x":2048,
                 "y":447
                }, 
                {
                 "gid":33,
                 "height":96,
                 "id":147,
                 "name":"",
                 "rotation":0,
                 "type":"",
                 "visible":true,
                 "width":256,
                 "x":1888,
                 "y":447
                }, 
                {
                 "gid":2147483681,
                 "height":96,
                 "id":150,
                 "name":"",
                 "rotation":0,
                 "type":"",
                 "visible":true,
                 "width":256,
                 "x":2048,
                 "y":383
                }, 
                {
                 "gid":33,
                 "height":96,
                 "id":151,
                 "name":"",
                 "rotation":0,
                 "type":"",
                 "visible":true,
                 "width":256,
                 "x":1888,
                 "y":383
                }, 
                {
                 "gid":29,
                 "height":64,
                 "id":153,
                 "name":"",
                 "rotation":90,
                 "type":"",
                 "visible":true,
                 "width":192,
                 "x":2176,
                 "y":223
                }, 
                {
                 "gid":29,
                 "height":64,
                 "id":154,
                 "name":"",
                 "rotation":-270,
                 "type":"",
                 "visible":true,
                 "width":192,
                 "x":2240,
                 "y":223
                }, 
                {
                 "gid":29,
                 "height":64,
                 "id":155,
                 "name":"",
                 "rotation":90,
                 "type":"",
                 "visible":true,
                 "width":192,
                 "x":2048,
                 "y":223
                }, 
                {
                 "gid":29,
                 "height":64,
                 "id":156,
                 "name":"",
                 "rotation":-270,
                 "type":"",
                 "visible":true,
                 "width":192,
                 "x":2112,
                 "y":223
                }, 
                {
                 "gid":29,
                 "height":64,
                 "id":157,
                 "name":"",
                 "rotation":90,
                 "type":"",
                 "visible":true,
                 "width":192,
                 "x":1920,
                 "y":223
                }, 
                {
                 "gid":29,
                 "height":64,
                 "id":158,
                 "name":"",
                 "rotation":-270,
                 "type":"",
                 "visible":true,
                 "width":192,
                 "x":1984,
                 "y":223
                }, 
                {
                 "gid":29,
                 "height":64,
                 "id":159,
                 "name":"",
                 "rotation":-90,
                 "type":"",
                 "visible":true,
                 "width":192,
                 "x":1952,
                 "y":415
                }],
         "opacity":1,
         "type":"objectgroup",
         "visible":true,
         "width":80,
         "x":0,
         "y":0
        }, 
        {
         "draworder":"topdown",
         "height":40,
         "name":"castledeco",
         "objects":[
                {
                 "gid":55,
                 "height":64,
                 "id":54,
                 "name":"",
                 "rotation":0,
                 "type":"",
                 "visible":true,
                 "width":65,
                 "x":2063,
                 "y":698
                }, 
                {
                 "gid":55,
                 "height":64,
                 "id":55,
                 "name":"",
                 "rotation":0,
                 "type":"",
                 "visible":true,
                 "width":65,
                 "x":2063,
                 "y":557
                }, 
                {
                 "gid":13,
                 "height":192,
                 "id":57,
                 "name":"",
                 "properties":
                    {
                     "map":"scene\/game\/map\/sandbox2.json"
                    },
                 "propertytypes":
                    {
                     "map":"string"
                    },
                 "rotation":0,
                 "type":"exit",
                 "visible":true,
                 "width":160,
                 "x":2016,
                 "y":991
                }],
         "opacity":1,
         "type":"objectgroup",
         "visible":true,
         "width":80,
         "x":0,
         "y":0
        }, 
        {
         "draworder":"topdown",
         "height":31,
         "name":"shading",
         "objects":[
                {
                 "gid":45,
                 "height":512,
                 "id":78,
                 "name":"",
                 "rotation":0,
                 "type":"",
                 "visible":true,
                 "width":32,
                 "x":1952,
                 "y":991
                }, 
                {
                 "gid":45,
                 "height":256,
                 "id":80,
                 "name":"",
                 "rotation":0,
                 "type":"",
                 "visible":true,
                 "width":32,
                 "x":448,
                 "y":991
                }, 
                {
                 "gid":45,
                 "height":256,
                 "id":89,
                 "name":"",
                 "rotation":0,
                 "type":"",
                 "visible":true,
                 "width":32,
                 "x":928,
                 "y":991
                }, 
                {
                 "gid":45,
                 "height":512,
                 "id":112,
                 "name":"",
                 "rotation":0,
                 "type":"",
                 "visible":true,
                 "width":32,
                 "x":2208,
                 "y":991
                }, 
                {
                 "gid":45,
                 "height":64,
                 "id":142,
                 "name":"",
                 "rotation":0,
                 "type":"",
                 "visible":true,
                 "width":32,
                 "x":1888,
                 "y":479
                }, 
                {
                 "gid":45,
                 "height":64,
                 "id":143,
                 "name":"",
                 "rotation":0,
                 "type":"",
                 "visible":true,
                 "width":32,
                 "x":2272,
                 "y":479
                }, 
                {
                 "gid":45,
                 "height":11,
                 "id":144,
                 "name":"",
                 "rotation":0,
                 "type":"",
                 "visible":true,
                 "width":254,
                 "x":1984,
                 "y":490
                }, 
                {
                 "gid":45,
                 "height":64,
                 "id":145,
                 "name":"",
                 "rotation":0,
                 "type":"",
                 "visible":true,
                 "width":32,
                 "x":2272,
                 "y":415
                }, 
                {
                 "gid":45,
                 "height":188,
                 "id":148,
                 "name":"",
                 "rotation":0,
                 "type":"",
                 "visible":true,
                 "width":32,
                 "x":1888,
                 "y":415
                }, 
                {
                 "gid":45,
                 "height":128,
                 "id":149,
                 "name":"",
                 "rotation":0,
                 "type":"",
                 "visible":true,
                 "width":32,
                 "x":2272,
                 "y":351
                }, 
                {
                 "gid":45,
                 "height":64,
                 "id":152,
                 "name":"",
                 "rotation":0,
                 "type":"",
                 "visible":true,
                 "width":32,
                 "x":1888,
                 "y":351
                }, 
                {
                 "gid":45,
                 "height":192,
                 "id":171,
                 "name":"",
                 "rotation":0,
                 "type":"",
                 "visible":true,
                 "width":32,
                 "x":1440,
                 "y":991
                }, 
                {
                 "gid":45,
                 "height":160,
                 "id":178,
                 "name":"",
                 "rotation":0,
                 "type":"",
                 "visible":true,
                 "width":32,
                 "x":512,
                 "y":735
                }, 
                {
                 "gid":45,
                 "height":160,
                 "id":179,
                 "name":"",
                 "rotation":0,
                 "type":"",
                 "visible":true,
                 "width":32,
                 "x":736,
                 "y":735
                }, 
                {
                 "gid":45,
                 "height":128,
                 "id":181,
                 "name":"",
                 "rotation":0,
                 "type":"",
                 "visible":true,
                 "width":32,
                 "x":992,
                 "y":991
                }, 
                {
                 "gid":45,
                 "height":448,
                 "id":198,
                 "name":"",
                 "rotation":0,
                 "type":"",
                 "visible":true,
                 "width":32,
                 "x":2496,
                 "y":1440
                }, 
                {
                 "gid":45,
                 "height":448,
                 "id":199,
                 "name":"",
                 "rotation":0,
                 "type":"",
                 "visible":true,
                 "width":32,
                 "x":0,
                 "y":1440
                }],
         "opacity":0.360000014305115,
         "type":"objectgroup",
         "visible":true,
         "width":80,
         "x":0,
         "y":0
        }, 
        {
         "draworder":"topdown",
         "height":40,
         "name":"game",
         "objects":[
                {
                 "gid":22,
                 "height":160,
                 "id":58,
                 "name":"hero",
                 "rotation":0,
                 "type":"hero",
                 "visible":true,
                 "width":128,
                 "x":45,
                 "y":979.5
                }, 
                {
                 "gid":44,
                 "height":96,
                 "id":111,
                 "name":"block",
                 "properties":
                    {
                     "bodyType":"dynamic",
                     "density":2,
                     "friction":0.45
                    },
                 "propertytypes":
                    {
                     "bodyType":"string",
                     "density":"float",
                     "friction":"float"
                    },
                 "rotation":0,
                 "type":"",
                 "visible":true,
                 "width":96,
                 "x":594,
                 "y":571
                }, 
                {
                 "gid":44,
                 "height":96,
                 "id":182,
                 "name":"block",
                 "properties":
                    {
                     "bodyType":"dynamic",
                     "density":2,
                     "friction":0.45
                    },
                 "propertytypes":
                    {
                     "bodyType":"string",
                     "density":"float",
                     "friction":"float"
                    },
                 "rotation":0,
                 "type":"",
                 "visible":true,
                 "width":96,
                 "x":1344,
                 "y":799
                }, 
                {
                 "gid":17,
                 "height":64,
                 "id":190,
                 "name":"",
                 "rotation":0,
                 "type":"coin",
                 "visible":true,
                 "width":64,
                 "x":238,
                 "y":947.5
                }, 
                {
                 "gid":17,
                 "height":64,
                 "id":191,
                 "name":"",
                 "rotation":0,
                 "type":"coin",
                 "visible":true,
                 "width":64,
                 "x":352,
                 "y":860.5
                }, 
                {
                 "gid":17,
                 "height":64,
                 "id":192,
                 "name":"",
                 "rotation":0,
                 "type":"coin",
                 "visible":true,
                 "width":64,
                 "x":481,
                 "y":950.5
                }, 
                {
                 "gid":17,
                 "height":64,
                 "id":200,
                 "name":"",
                 "rotation":0,
                 "type":"coin",
                 "visible":true,
                 "width":64,
                 "x":1583.45454545455,
                 "y":829.318181818182
                }, 
                {
                 "gid":17,
                 "height":64,
                 "id":201,
                 "name":"",
                 "rotation":0,
                 "type":"coin",
                 "visible":true,
                 "width":64,
                 "x":1826.45454545455,
                 "y":832.318181818182
                }, 
                {
                 "gid":17,
                 "height":64,
                 "id":202,
                 "name":"",
                 "rotation":0,
                 "type":"coin",
                 "visible":true,
                 "width":64,
                 "x":1697.45454545455,
                 "y":742.318181818182
                }],
         "opacity":1,
         "type":"objectgroup",
         "visible":true,
         "width":80,
         "x":0,
         "y":0
        }, 
        {
         "draworder":"topdown",
         "height":31,
         "name":"above",
         "objects":[
                {
                 "gid":19,
                 "height":32,
                 "id":118,
                 "name":"",
                 "rotation":0,
                 "type":"",
                 "visible":true,
                 "width":224,
                 "x":481,
                 "y":997
                }],
         "opacity":1,
         "type":"objectgroup",
         "visible":true,
         "width":80,
         "x":0,
         "y":0
        }, 
        {
         "draworder":"topdown",
         "height":31,
         "name":"bounds",
         "objects":[
                {
                 "height":992,
                 "id":197,
                 "name":"",
                 "properties":
                    {
                     "bodyType":"static"
                    },
                 "propertytypes":
                    {
                     "bodyType":"string"
                    },
                 "rotation":0,
                 "type":"",
                 "visible":true,
                 "width":32,
                 "x":2496,
                 "y":0
                }, 
                {
                 "height":992,
                 "id":195,
                 "name":"",
                 "properties":
                    {
                     "bodyType":"static"
                    },
                 "propertytypes":
                    {
                     "bodyType":"string"
                    },
                 "rotation":0,
                 "type":"",
                 "visible":true,
                 "width":32,
                 "x":0,
                 "y":0
                }],
         "opacity":1,
         "type":"objectgroup",
         "visible":false,
         "width":80,
         "x":0,
         "y":0
        }],
 "nextobjectid":206,
 "orientation":"orthogonal",
 "renderorder":"right-down",
 "tileheight":32,
 "tilesets":[
        {
         "columns":0,
         "firstgid":1,
         "margin":0,
         "name":"objs",
         "spacing":0,
         "tilecount":62,
         "tileheight":332,
         "tiles":
            {
             "0":
                {
                 "image":"alter.png"
                },
             "1":
                {
                 "image":"blobBlue.png"
                },
             "10":
                {
                 "image":"doorGreenStroke.png"
                },
             "11":
                {
                 "image":"doorRedStroked.png"
                },
             "12":
                {
                 "image":"doorStroked.png"
                },
             "13":
                {
                 "image":"earthWall.png"
                },
             "14":
                {
                 "image":"exit.png"
                },
             "15":
                {
                 "image":"flare.png"
                },
             "16":
                {
                 "image":"gemBlueStroked.png"
                },
             "17":
                {
                 "image":"gemRedStroked.png"
                },
             "18":
                {
                 "image":"grassLarge.png"
                },
             "19":
                {
                 "image":"grassSmall.png"
                },
             "2":
                {
                 "image":"blobGreen.png"
                },
             "20":
                {
                 "image":"grey.png"
                },
             "21":
                {
                 "image":"hero.png"
                },
             "22":
                {
                 "image":"keyGreenStroked.png"
                },
             "23":
                {
                 "image":"keyRedStroked.png"
                },
             "24":
                {
                 "image":"keyYellowStroked.png"
                },
             "25":
                {
                 "image":"platform1.png"
                },
             "26":
                {
                 "image":"platform2.png"
                },
             "27":
                {
                 "image":"platform3.png"
                },
             "28":
                {
                 "image":"platform4.png"
                },
             "29":
                {
                 "image":"platformBase1.png"
                },
             "3":
                {
                 "image":"blue.png"
                },
             "30":
                {
                 "image":"platformBase2.png"
                },
             "31":
                {
                 "image":"platformBase3.png"
                },
             "32":
                {
                 "image":"platformBase4.png"
                },
             "33":
                {
                 "image":"platformBlock1.png"
                },
             "34":
                {
                 "image":"platformBlock2.png"
                },
             "35":
                {
                 "image":"platformBlock3.png"
                },
             "36":
                {
                 "image":"platformBlock4.png"
                },
             "37":
                {
                 "image":"platformConnector1.png"
                },
             "38":
                {
                 "image":"platformConnector2.png"
                },
             "39":
                {
                 "image":"platformConnector3.png"
                },
             "4":
                {
                 "image":"bombStroked.png"
                },
             "40":
                {
                 "image":"platformConnector4.png"
                },
             "41":
                {
                 "image":"pushBlock1.png"
                },
             "42":
                {
                 "image":"pushBlock2.png"
                },
             "43":
                {
                 "image":"pushBlock3.png"
                },
             "44":
                {
                 "image":"shadow.png"
                },
             "45":
                {
                 "image":"shieldStroked.png"
                },
             "46":
                {
                 "image":"sign.png"
                },
             "48":
                {
                 "image":"swordStroked.png"
                },
             "49":
                {
                 "image":"torch.png"
                },
             "5":
                {
                 "image":"castleWall.png"
                },
             "50":
                {
                 "image":"trap.png"
                },
             "51":
                {
                 "image":"wallDecor1.png"
                },
             "52":
                {
                 "image":"wallDecor2.png"
                },
             "53":
                {
                 "image":"wallDecor3.png"
                },
             "54":
                {
                 "image":"window1.png"
                },
             "55":
                {
                 "image":"window2.png"
                },
             "56":
                {
                 "image":"window3.png"
                },
             "57":
                {
                 "image":"backgroundArch.png"
                },
             "58":
                {
                 "image":"backgroundMountain.png"
                },
             "59":
                {
                 "image":"backgroundTower.png"
                },
             "6":
                {
                 "image":"cloud.png"
                },
             "60":
                {
                 "image":"backgroundTree.png"
                },
             "61":
                {
                 "image":"earthWall2.png"
                },
             "62":
                {
                 "image":"skeleton.png"
                },
             "7":
                {
                 "image":"column1.png"
                },
             "8":
                {
                 "image":"column2.png"
                },
             "9":
                {
                 "image":"doorBlueStroked.png"
                }
            },
         "tilewidth":384
        }],
 "tilewidth":32,
 "version":1,
 "width":79
}