{ "backgroundcolor":"#35495e",
 "height":31,
 "layers":[
        {
         "draworder":"topdown",
         "height":40,
         "name":"background",
         "objects":[
                {
                 "gid":6,
                 "height":416,
                 "id":193,
                 "name":"",
                 "rotation":0,
                 "type":"",
                 "visible":true,
                 "width":1280,
                 "x":0,
                 "y":1184
                }, 
                {
                 "gid":15,
                 "height":192,
                 "id":284,
                 "name":"",
                 "rotation":0,
                 "type":"",
                 "visible":true,
                 "width":160,
                 "x":192,
                 "y":450
                }, 
                {
                 "gid":54,
                 "height":128,
                 "id":287,
                 "name":"",
                 "rotation":0,
                 "type":"",
                 "visible":true,
                 "width":160,
                 "x":704,
                 "y":448
                }, 
                {
                 "gid":54,
                 "height":128,
                 "id":288,
                 "name":"",
                 "rotation":0,
                 "type":"",
                 "visible":true,
                 "width":160,
                 "x":72,
                 "y":160
                }, 
                {
                 "gid":54,
                 "height":128,
                 "id":291,
                 "name":"",
                 "rotation":0,
                 "type":"",
                 "visible":true,
                 "width":160,
                 "x":488,
                 "y":664
                }, 
                {
                 "gid":54,
                 "height":128,
                 "id":292,
                 "name":"",
                 "rotation":0,
                 "type":"",
                 "visible":true,
                 "width":160,
                 "x":1296,
                 "y":216
                }, 
                {
                 "gid":54,
                 "height":128,
                 "id":293,
                 "name":"",
                 "rotation":0,
                 "type":"",
                 "visible":true,
                 "width":160,
                 "x":1608,
                 "y":488
                }, 
                {
                 "gid":54,
                 "height":128,
                 "id":294,
                 "name":"",
                 "rotation":0,
                 "type":"",
                 "visible":true,
                 "width":160,
                 "x":1856,
                 "y":648
                }, 
                {
                 "gid":54,
                 "height":128,
                 "id":295,
                 "name":"",
                 "rotation":0,
                 "type":"",
                 "visible":true,
                 "width":160,
                 "x":2280,
                 "y":288
                }, 
                {
                 "gid":50,
                 "height":96,
                 "id":296,
                 "name":"",
                 "rotation":0,
                 "type":"",
                 "visible":true,
                 "width":96,
                 "x":96,
                 "y":352
                }, 
                {
                 "gid":50,
                 "height":96,
                 "id":297,
                 "name":"",
                 "rotation":0,
                 "type":"",
                 "visible":true,
                 "width":96,
                 "x":384,
                 "y":352
                }, 
                {
                 "gid":50,
                 "height":96,
                 "id":298,
                 "name":"",
                 "rotation":0,
                 "type":"",
                 "visible":true,
                 "width":96,
                 "x":912,
                 "y":608
                }, 
                {
                 "gid":50,
                 "height":96,
                 "id":299,
                 "name":"",
                 "rotation":0,
                 "type":"",
                 "visible":true,
                 "width":96,
                 "x":1888,
                 "y":288
                }, 
                {
                 "gid":50,
                 "height":96,
                 "id":300,
                 "name":"",
                 "rotation":0,
                 "type":"",
                 "visible":true,
                 "width":96,
                 "x":2272,
                 "y":288
                }, 
                {
                 "gid":50,
                 "height":96,
                 "id":301,
                 "name":"",
                 "rotation":0,
                 "type":"",
                 "visible":true,
                 "width":96,
                 "x":1296,
                 "y":328
                }, 
                {
                 "gid":6,
                 "height":392,
                 "id":341,
                 "name":"",
                 "rotation":-270,
                 "type":"",
                 "visible":true,
                 "width":1472,
                 "x":2560,
                 "y":-288
                }, 
                {
                 "gid":6,
                 "height":352,
                 "id":342,
                 "name":"",
                 "rotation":-270,
                 "type":"",
                 "visible":true,
                 "width":1472,
                 "x":-352,
                 "y":-288
                }, 
                {
                 "gid":6,
                 "height":232,
                 "id":353,
                 "name":"",
                 "rotation":0,
                 "type":"",
                 "visible":true,
                 "width":2568,
                 "x":0,
                 "y":-56
                }, 
                {
                 "gid":54,
                 "height":128,
                 "id":361,
                 "name":"",
                 "rotation":0,
                 "type":"",
                 "visible":true,
                 "width":160,
                 "x":1296,
                 "y":216
                }, 
                {
                 "gid":6,
                 "height":352,
                 "id":373,
                 "name":"",
                 "rotation":0,
                 "type":"",
                 "visible":true,
                 "width":800,
                 "x":1792,
                 "y":1184
                }, 
                {
                 "gid":6,
                 "height":160,
                 "id":374,
                 "name":"",
                 "rotation":0,
                 "type":"",
                 "visible":true,
                 "width":800,
                 "x":1152,
                 "y":1184
                }],
         "opacity":1,
         "type":"objectgroup",
         "visible":true,
         "width":80,
         "x":0,
         "y":0
        }, 
        {
         "draworder":"topdown",
         "height":40,
         "name":"ground",
         "objects":[
                {
                 "gid":28,
                 "height":64,
                 "id":196,
                 "name":"",
                 "properties":
                    {
                     "bodyType":"static",
                     "floating":"true",
                     "friction":"1.00"
                    },
                 "propertytypes":
                    {
                     "bodyType":"string",
                     "floating":"string",
                     "friction":"string"
                    },
                 "rotation":0,
                 "type":"",
                 "visible":true,
                 "width":192,
                 "x":2120,
                 "y":416
                }, 
                {
                 "gid":29,
                 "height":64,
                 "id":197,
                 "name":"",
                 "properties":
                    {
                     "bodyType":"static",
                     "floating":"true",
                     "friction":"1.00"
                    },
                 "propertytypes":
                    {
                     "bodyType":"string",
                     "floating":"string",
                     "friction":"string"
                    },
                 "rotation":0,
                 "type":"",
                 "visible":true,
                 "width":192,
                 "x":1928,
                 "y":416
                }, 
                {
                 "gid":28,
                 "height":64,
                 "id":232,
                 "name":"",
                 "properties":
                    {
                     "bodyType":"static",
                     "floating":"true",
                     "friction":"1.00"
                    },
                 "propertytypes":
                    {
                     "bodyType":"string",
                     "floating":"string",
                     "friction":"string"
                    },
                 "rotation":0,
                 "type":"",
                 "visible":true,
                 "width":192,
                 "x":1088,
                 "y":608
                }, 
                {
                 "gid":29,
                 "height":64,
                 "id":233,
                 "name":"",
                 "properties":
                    {
                     "bodyType":"static",
                     "floating":"true",
                     "friction":"1.00"
                    },
                 "propertytypes":
                    {
                     "bodyType":"string",
                     "floating":"string",
                     "friction":"string"
                    },
                 "rotation":0,
                 "type":"",
                 "visible":true,
                 "width":192,
                 "x":1472,
                 "y":480
                }, 
                {
                 "gid":18,
                 "height":64,
                 "id":237,
                 "name":"",
                 "rotation":0,
                 "type":"coin",
                 "visible":true,
                 "width":64,
                 "x":2096,
                 "y":608
                }, 
                {
                 "gid":18,
                 "height":64,
                 "id":238,
                 "name":"",
                 "rotation":0,
                 "type":"coin",
                 "visible":true,
                 "width":64,
                 "x":1152,
                 "y":480
                }, 
                {
                 "gid":33,
                 "height":96,
                 "id":258,
                 "name":"",
                 "properties":
                    {
                     "bodyType":"static",
                     "friction":"1.00"
                    },
                 "propertytypes":
                    {
                     "bodyType":"string",
                     "friction":"string"
                    },
                 "rotation":0,
                 "type":"",
                 "visible":true,
                 "width":256,
                 "x":0,
                 "y":864
                }, 
                {
                 "gid":33,
                 "height":96,
                 "id":259,
                 "name":"",
                 "properties":
                    {
                     "bodyType":"static",
                     "friction":"1.00"
                    },
                 "propertytypes":
                    {
                     "bodyType":"string",
                     "friction":"string"
                    },
                 "rotation":0,
                 "type":"",
                 "visible":true,
                 "width":256,
                 "x":512,
                 "y":864
                }, 
                {
                 "gid":32,
                 "height":96,
                 "id":260,
                 "name":"",
                 "properties":
                    {
                     "bodyType":"static",
                     "friction":"1.00"
                    },
                 "propertytypes":
                    {
                     "bodyType":"string",
                     "friction":"string"
                    },
                 "rotation":0,
                 "type":"",
                 "visible":true,
                 "width":256,
                 "x":256,
                 "y":864
                }, 
                {
                 "gid":32,
                 "height":96,
                 "id":261,
                 "name":"",
                 "properties":
                    {
                     "bodyType":"static",
                     "friction":"1.00"
                    },
                 "propertytypes":
                    {
                     "bodyType":"string",
                     "friction":"string"
                    },
                 "rotation":0,
                 "type":"",
                 "visible":true,
                 "width":256,
                 "x":768,
                 "y":864
                }, 
                {
                 "gid":33,
                 "height":96,
                 "id":262,
                 "name":"",
                 "properties":
                    {
                     "bodyType":"static",
                     "friction":"1.00"
                    },
                 "propertytypes":
                    {
                     "bodyType":"string",
                     "friction":"string"
                    },
                 "rotation":0,
                 "type":"",
                 "visible":true,
                 "width":256,
                 "x":1024,
                 "y":864
                }, 
                {
                 "gid":33,
                 "height":96,
                 "id":263,
                 "name":"",
                 "properties":
                    {
                     "bodyType":"static",
                     "friction":"1.00"
                    },
                 "propertytypes":
                    {
                     "bodyType":"string",
                     "friction":"string"
                    },
                 "rotation":0,
                 "type":"",
                 "visible":true,
                 "width":256,
                 "x":1280,
                 "y":1088
                }, 
                {
                 "gid":32,
                 "height":96,
                 "id":264,
                 "name":"",
                 "properties":
                    {
                     "bodyType":"static",
                     "friction":"1.00"
                    },
                 "propertytypes":
                    {
                     "bodyType":"string",
                     "friction":"string"
                    },
                 "rotation":0,
                 "type":"",
                 "visible":true,
                 "width":256,
                 "x":1536,
                 "y":1088
                }, 
                {
                 "gid":33,
                 "height":96,
                 "id":265,
                 "name":"",
                 "properties":
                    {
                     "bodyType":"static",
                     "friction":"1.00"
                    },
                 "propertytypes":
                    {
                     "bodyType":"string",
                     "friction":"string"
                    },
                 "rotation":0,
                 "type":"",
                 "visible":true,
                 "width":256,
                 "x":1792,
                 "y":864
                }, 
                {
                 "gid":33,
                 "height":96,
                 "id":266,
                 "name":"",
                 "properties":
                    {
                     "bodyType":"static",
                     "friction":"1.00"
                    },
                 "propertytypes":
                    {
                     "bodyType":"string",
                     "friction":"string"
                    },
                 "rotation":0,
                 "type":"",
                 "visible":true,
                 "width":256,
                 "x":2304,
                 "y":864
                }, 
                {
                 "gid":32,
                 "height":96,
                 "id":267,
                 "name":"",
                 "properties":
                    {
                     "bodyType":"static",
                     "friction":"1.00"
                    },
                 "propertytypes":
                    {
                     "bodyType":"string",
                     "friction":"string"
                    },
                 "rotation":0,
                 "type":"",
                 "visible":true,
                 "width":256,
                 "x":2048,
                 "y":864
                }, 
                {
                 "gid":10,
                 "height":192,
                 "id":276,
                 "name":"",
                 "properties":
                    {
                     "map":"scene\/game\/map\/sandbox3.json"
                    },
                 "propertytypes":
                    {
                     "map":"string"
                    },
                 "rotation":0,
                 "type":"exit",
                 "visible":true,
                 "width":160,
                 "x":2056,
                 "y":352
                }, 
                {
                 "gid":37,
                 "height":96,
                 "id":277,
                 "name":"",
                 "rotation":0,
                 "type":"",
                 "visible":true,
                 "width":128,
                 "x":352,
                 "y":768
                }, 
                {
                 "gid":8,
                 "height":192,
                 "id":278,
                 "name":"",
                 "rotation":0,
                 "type":"",
                 "visible":true,
                 "width":128,
                 "x":116,
                 "y":672
                }, 
                {
                 "gid":9,
                 "height":192,
                 "id":279,
                 "name":"",
                 "rotation":0,
                 "type":"",
                 "visible":true,
                 "width":128,
                 "x":363,
                 "y":672
                }, 
                {
                 "gid":36,
                 "height":96,
                 "id":280,
                 "name":"",
                 "rotation":0,
                 "type":"",
                 "visible":true,
                 "width":128,
                 "x":104,
                 "y":768
                }, 
                {
                 "gid":28,
                 "height":64,
                 "id":281,
                 "name":"",
                 "properties":
                    {
                     "bodyType":"static",
                     "floating":"true",
                     "friction":"1.00"
                    },
                 "propertytypes":
                    {
                     "bodyType":"string",
                     "floating":"string",
                     "friction":"string"
                    },
                 "rotation":0,
                 "type":"",
                 "visible":true,
                 "width":192,
                 "x":216,
                 "y":512
                }, 
                {
                 "gid":29,
                 "height":64,
                 "id":282,
                 "name":"",
                 "properties":
                    {
                     "bodyType":"static",
                     "floating":"true",
                     "friction":"1.00"
                    },
                 "propertytypes":
                    {
                     "bodyType":"string",
                     "floating":"string",
                     "friction":"string"
                    },
                 "rotation":0,
                 "type":"",
                 "visible":true,
                 "width":192,
                 "x":24,
                 "y":512
                }, 
                {
                 "gid":29,
                 "height":64,
                 "id":283,
                 "name":"",
                 "properties":
                    {
                     "bodyType":"static",
                     "floating":"true",
                     "friction":"1.00"
                    },
                 "propertytypes":
                    {
                     "bodyType":"string",
                     "floating":"string",
                     "friction":"string"
                    },
                 "rotation":0,
                 "type":"",
                 "visible":true,
                 "width":192,
                 "x":408,
                 "y":512
                }, 
                {
                 "gid":8,
                 "height":192,
                 "id":286,
                 "name":"",
                 "rotation":0,
                 "type":"",
                 "visible":true,
                 "width":128,
                 "x":1112,
                 "y":768
                }, 
                {
                 "gid":33,
                 "height":96,
                 "id":343,
                 "name":"",
                 "properties":
                    {
                     "bodyType":"static",
                     "floating":"",
                     "friction":"1.00"
                    },
                 "propertytypes":
                    {
                     "bodyType":"string",
                     "floating":"string",
                     "friction":"string"
                    },
                 "rotation":0,
                 "type":"",
                 "visible":true,
                 "width":256,
                 "x":1792,
                 "y":32
                }, 
                {
                 "gid":33,
                 "height":96,
                 "id":344,
                 "name":"",
                 "properties":
                    {
                     "bodyType":"static",
                     "floating":"false",
                     "friction":"1.00"
                    },
                 "propertytypes":
                    {
                     "bodyType":"string",
                     "floating":"string",
                     "friction":"string"
                    },
                 "rotation":0,
                 "type":"",
                 "visible":true,
                 "width":256,
                 "x":2304,
                 "y":32
                }, 
                {
                 "gid":33,
                 "height":96,
                 "id":345,
                 "name":"",
                 "properties":
                    {
                     "bodyType":"static",
                     "floating":"false",
                     "friction":"1.00"
                    },
                 "propertytypes":
                    {
                     "bodyType":"string",
                     "floating":"string",
                     "friction":"string"
                    },
                 "rotation":0,
                 "type":"",
                 "visible":true,
                 "width":256,
                 "x":0,
                 "y":32
                }, 
                {
                 "gid":32,
                 "height":96,
                 "id":346,
                 "name":"",
                 "properties":
                    {
                     "bodyType":"static",
                     "floating":"false",
                     "friction":"1.00"
                    },
                 "propertytypes":
                    {
                     "bodyType":"string",
                     "floating":"string",
                     "friction":"string"
                    },
                 "rotation":0,
                 "type":"",
                 "visible":true,
                 "width":256,
                 "x":256,
                 "y":32
                }, 
                {
                 "gid":33,
                 "height":96,
                 "id":347,
                 "name":"",
                 "properties":
                    {
                     "bodyType":"static",
                     "floating":"false",
                     "friction":"1.00"
                    },
                 "propertytypes":
                    {
                     "bodyType":"string",
                     "floating":"string",
                     "friction":"string"
                    },
                 "rotation":0,
                 "type":"",
                 "visible":true,
                 "width":256,
                 "x":1280,
                 "y":32
                }, 
                {
                 "gid":33,
                 "height":96,
                 "id":348,
                 "name":"",
                 "properties":
                    {
                     "bodyType":"static",
                     "floating":"false",
                     "friction":"1.00"
                    },
                 "propertytypes":
                    {
                     "bodyType":"string",
                     "floating":"string",
                     "friction":"string"
                    },
                 "rotation":0,
                 "type":"",
                 "visible":true,
                 "width":256,
                 "x":512,
                 "y":32
                }, 
                {
                 "gid":33,
                 "height":96,
                 "id":349,
                 "name":"",
                 "properties":
                    {
                     "bodyType":"static",
                     "floating":"false",
                     "friction":"1.00"
                    },
                 "propertytypes":
                    {
                     "bodyType":"string",
                     "floating":"string",
                     "friction":"string"
                    },
                 "rotation":0,
                 "type":"",
                 "visible":true,
                 "width":256,
                 "x":1024,
                 "y":32
                }, 
                {
                 "gid":32,
                 "height":96,
                 "id":350,
                 "name":"",
                 "properties":
                    {
                     "bodyType":"static",
                     "floating":"false",
                     "friction":"1.00"
                    },
                 "propertytypes":
                    {
                     "bodyType":"string",
                     "floating":"string",
                     "friction":"string"
                    },
                 "rotation":0,
                 "type":"",
                 "visible":true,
                 "width":256,
                 "x":1536,
                 "y":32
                }, 
                {
                 "gid":32,
                 "height":96,
                 "id":351,
                 "name":"",
                 "properties":
                    {
                     "bodyType":"static",
                     "floating":"false",
                     "friction":"1.00"
                    },
                 "propertytypes":
                    {
                     "bodyType":"string",
                     "floating":"string",
                     "friction":"string"
                    },
                 "rotation":0,
                 "type":"",
                 "visible":true,
                 "width":256,
                 "x":2048,
                 "y":32
                }, 
                {
                 "gid":33,
                 "height":96,
                 "id":352,
                 "name":"",
                 "properties":
                    {
                     "bodyType":"static",
                     "floating":"false",
                     "friction":"1.00"
                    },
                 "propertytypes":
                    {
                     "bodyType":"string",
                     "floating":"string",
                     "friction":"string"
                    },
                 "rotation":0,
                 "type":"",
                 "visible":true,
                 "width":256,
                 "x":768,
                 "y":32
                }, 
                {
                 "gid":36,
                 "height":96,
                 "id":270,
                 "name":"",
                 "rotation":0,
                 "type":"",
                 "visible":true,
                 "width":128,
                 "x":1920,
                 "y":768
                }, 
                {
                 "gid":9,
                 "height":192,
                 "id":273,
                 "name":"",
                 "rotation":0,
                 "type":"",
                 "visible":true,
                 "width":128,
                 "x":2179,
                 "y":672
                }, 
                {
                 "gid":8,
                 "height":192,
                 "id":272,
                 "name":"",
                 "rotation":0,
                 "type":"",
                 "visible":true,
                 "width":128,
                 "x":1932,
                 "y":672
                }, 
                {
                 "gid":37,
                 "height":96,
                 "id":275,
                 "name":"",
                 "rotation":0,
                 "type":"",
                 "visible":true,
                 "width":128,
                 "x":1920,
                 "y":480
                }, 
                {
                 "gid":36,
                 "height":96,
                 "id":274,
                 "name":"",
                 "rotation":0,
                 "type":"",
                 "visible":true,
                 "width":128,
                 "x":2168,
                 "y":480
                }, 
                {
                 "gid":37,
                 "height":96,
                 "id":271,
                 "name":"",
                 "rotation":0,
                 "type":"",
                 "visible":true,
                 "width":128,
                 "x":2168,
                 "y":768
                }, 
                {
                 "gid":29,
                 "height":64,
                 "id":383,
                 "name":"",
                 "properties":
                    {
                     "bodyType":"static",
                     "floating":"true",
                     "friction":"1.00"
                    },
                 "propertytypes":
                    {
                     "bodyType":"string",
                     "floating":"string",
                     "friction":"string"
                    },
                 "rotation":0,
                 "type":"",
                 "visible":true,
                 "width":192,
                 "x":1472,
                 "y":704
                }, 
                {
                 "gid":18,
                 "height":64,
                 "id":384,
                 "name":"",
                 "rotation":0,
                 "type":"coin",
                 "visible":true,
                 "width":64,
                 "x":1536,
                 "y":320
                }],
         "opacity":1,
         "type":"objectgroup",
         "visible":true,
         "width":80,
         "x":0,
         "y":0
        }, 
        {
         "draworder":"topdown",
         "height":40,
         "name":"castledeco",
         "objects":[
                {
                 "gid":37,
                 "height":96,
                 "id":220,
                 "name":"",
                 "rotation":0,
                 "type":"",
                 "visible":true,
                 "width":128,
                 "x":184,
                 "y":1016
                }, 
                {
                 "gid":36,
                 "height":96,
                 "id":221,
                 "name":"",
                 "rotation":0,
                 "type":"",
                 "visible":true,
                 "width":128,
                 "x":1832,
                 "y":1024
                }, 
                {
                 "gid":55,
                 "height":64,
                 "id":227,
                 "name":"",
                 "rotation":0,
                 "type":"",
                 "visible":true,
                 "width":65,
                 "x":1184,
                 "y":968
                }, 
                {
                 "gid":55,
                 "height":64,
                 "id":228,
                 "name":"",
                 "rotation":0,
                 "type":"",
                 "visible":true,
                 "width":65,
                 "x":512,
                 "y":960
                }, 
                {
                 "gid":55,
                 "height":64,
                 "id":229,
                 "name":"",
                 "rotation":0,
                 "type":"",
                 "visible":true,
                 "width":65,
                 "x":2304,
                 "y":952
                }, 
                {
                 "gid":36,
                 "height":96,
                 "id":268,
                 "name":"",
                 "rotation":0,
                 "type":"",
                 "visible":true,
                 "width":128,
                 "x":832,
                 "y":1048
                }, 
                {
                 "gid":54,
                 "height":128,
                 "id":364,
                 "name":"",
                 "rotation":0,
                 "type":"",
                 "visible":true,
                 "width":160,
                 "x":-200,
                 "y":216
                }, 
                {
                 "gid":54,
                 "height":128,
                 "id":359,
                 "name":"",
                 "rotation":0,
                 "type":"",
                 "visible":true,
                 "width":160,
                 "x":-120,
                 "y":1072
                }, 
                {
                 "gid":54,
                 "height":128,
                 "id":360,
                 "name":"",
                 "rotation":0,
                 "type":"",
                 "visible":true,
                 "width":160,
                 "x":2584,
                 "y":56
                }, 
                {
                 "gid":54,
                 "height":128,
                 "id":366,
                 "name":"",
                 "rotation":0,
                 "type":"",
                 "visible":true,
                 "width":160,
                 "x":2512,
                 "y":1112
                }, 
                {
                 "gid":56,
                 "height":64,
                 "id":367,
                 "name":"",
                 "rotation":0,
                 "type":"",
                 "visible":true,
                 "width":64,
                 "x":928,
                 "y":328
                }, 
                {
                 "gid":56,
                 "height":64,
                 "id":368,
                 "name":"",
                 "rotation":0,
                 "type":"",
                 "visible":true,
                 "width":64,
                 "x":1128,
                 "y":160
                }, 
                {
                 "gid":56,
                 "height":64,
                 "id":369,
                 "name":"",
                 "rotation":0,
                 "type":"",
                 "visible":true,
                 "width":64,
                 "x":2392,
                 "y":464
                }, 
                {
                 "gid":56,
                 "height":64,
                 "id":370,
                 "name":"",
                 "rotation":0,
                 "type":"",
                 "visible":true,
                 "width":64,
                 "x":272,
                 "y":624
                }],
         "opacity":1,
         "type":"objectgroup",
         "visible":true,
         "width":80,
         "x":0,
         "y":0
        }, 
        {
         "draworder":"topdown",
         "height":31,
         "name":"shading",
         "objects":[
                {
                 "gid":45,
                 "height":1472,
                 "id":112,
                 "name":"",
                 "rotation":0,
                 "type":"",
                 "visible":true,
                 "width":456,
                 "x":2496,
                 "y":1184
                }, 
                {
                 "gid":45,
                 "height":1472,
                 "id":334,
                 "name":"",
                 "rotation":0,
                 "type":"",
                 "visible":true,
                 "width":448,
                 "x":-384,
                 "y":1184
                }],
         "opacity":0.159999996423721,
         "type":"objectgroup",
         "visible":true,
         "width":80,
         "x":0,
         "y":0
        }, 
        {
         "draworder":"topdown",
         "height":31,
         "name":"light",
         "objects":[
                {
                 "gid":16,
                 "height":192,
                 "id":335,
                 "name":"",
                 "rotation":0,
                 "type":"",
                 "visible":true,
                 "width":192,
                 "x":2224,
                 "y":280
                }, 
                {
                 "gid":16,
                 "height":192,
                 "id":336,
                 "name":"",
                 "rotation":0,
                 "type":"",
                 "visible":true,
                 "width":192,
                 "x":1840,
                 "y":280
                }, 
                {
                 "gid":16,
                 "height":192,
                 "id":337,
                 "name":"",
                 "rotation":0,
                 "type":"",
                 "visible":true,
                 "width":192,
                 "x":1248,
                 "y":320
                }, 
                {
                 "gid":16,
                 "height":192,
                 "id":338,
                 "name":"",
                 "rotation":0,
                 "type":"",
                 "visible":true,
                 "width":192,
                 "x":336,
                 "y":336
                }, 
                {
                 "gid":16,
                 "height":192,
                 "id":339,
                 "name":"",
                 "rotation":0,
                 "type":"",
                 "visible":true,
                 "width":192,
                 "x":48,
                 "y":336
                }, 
                {
                 "gid":16,
                 "height":192,
                 "id":340,
                 "name":"",
                 "rotation":0,
                 "type":"",
                 "visible":true,
                 "width":192,
                 "x":864,
                 "y":600
                }],
         "opacity":0.5,
         "type":"objectgroup",
         "visible":true,
         "width":80,
         "x":0,
         "y":0
        }, 
        {
         "draworder":"topdown",
         "height":40,
         "name":"game",
         "objects":[
                {
                 "gid":22,
                 "height":160,
                 "id":58,
                 "name":"hero",
                 "rotation":0,
                 "type":"hero",
                 "visible":true,
                 "width":128,
                 "x":288,
                 "y":448
                }, 
                {
                 "gid":44,
                 "height":96,
                 "id":111,
                 "name":"block",
                 "properties":
                    {
                     "bodyType":"dynamic",
                     "density":2,
                     "friction":0.45
                    },
                 "propertytypes":
                    {
                     "bodyType":"string",
                     "density":"float",
                     "friction":"float"
                    },
                 "rotation":0,
                 "type":"",
                 "visible":true,
                 "width":96,
                 "x":2245,
                 "y":340
                }, 
                {
                 "gid":3,
                 "height":64,
                 "id":161,
                 "name":"hey",
                 "rotation":0,
                 "type":"blob",
                 "visible":true,
                 "width":96,
                 "x":464,
                 "y":768
                }, 
                {
                 "gid":2,
                 "height":64,
                 "id":160,
                 "name":"",
                 "rotation":0,
                 "type":"blob",
                 "visible":true,
                 "width":96,
                 "x":846,
                 "y":756
                }, 
                {
                 "gid":2147483711,
                 "height":160,
                 "id":189,
                 "name":"",
                 "rotation":0,
                 "type":"enemy",
                 "visible":true,
                 "width":133,
                 "x":2412,
                 "y":754
                }, 
                {
                 "gid":17,
                 "height":64,
                 "id":190,
                 "name":"",
                 "rotation":0,
                 "type":"coin",
                 "visible":true,
                 "width":64,
                 "x":96,
                 "y":736
                }, 
                {
                 "gid":17,
                 "height":64,
                 "id":192,
                 "name":"",
                 "rotation":0,
                 "type":"coin",
                 "visible":true,
                 "width":64,
                 "x":96,
                 "y":416
                }, 
                {
                 "gid":44,
                 "height":96,
                 "id":231,
                 "name":"block",
                 "properties":
                    {
                     "bodyType":"dynamic",
                     "density":2,
                     "friction":0.45
                    },
                 "propertytypes":
                    {
                     "bodyType":"string",
                     "density":"float",
                     "friction":"float"
                    },
                 "rotation":0,
                 "type":"",
                 "visible":true,
                 "width":96,
                 "x":488,
                 "y":448
                }, 
                {
                 "gid":17,
                 "height":64,
                 "id":285,
                 "name":"",
                 "rotation":0,
                 "type":"coin",
                 "visible":true,
                 "width":64,
                 "x":1536,
                 "y":576
                }],
         "opacity":1,
         "type":"objectgroup",
         "visible":true,
         "width":80,
         "x":0,
         "y":0
        }, 
        {
         "draworder":"topdown",
         "height":31,
         "name":"above",
         "objects":[
                {
                 "gid":51,
                 "height":32,
                 "id":379,
                 "name":"",
                 "rotation":0,
                 "type":"spikes",
                 "visible":true,
                 "width":128,
                 "x":1280,
                 "y":995
                }, 
                {
                 "gid":51,
                 "height":32,
                 "id":380,
                 "name":"",
                 "rotation":0,
                 "type":"spikes",
                 "visible":true,
                 "width":128,
                 "x":1408,
                 "y":995
                }, 
                {
                 "gid":51,
                 "height":32,
                 "id":381,
                 "name":"",
                 "rotation":0,
                 "type":"spikes",
                 "visible":true,
                 "width":128,
                 "x":1536,
                 "y":995
                }, 
                {
                 "gid":51,
                 "height":32,
                 "id":382,
                 "name":"",
                 "rotation":0,
                 "type":"spikes",
                 "visible":true,
                 "width":128,
                 "x":1664,
                 "y":995
                }],
         "opacity":1,
         "type":"objectgroup",
         "visible":true,
         "width":80,
         "x":0,
         "y":0
        }, 
        {
         "draworder":"topdown",
         "height":31,
         "name":"bounds",
         "objects":[
                {
                 "height":896,
                 "id":375,
                 "name":"",
                 "properties":
                    {
                     "bodyType":"static"
                    },
                 "propertytypes":
                    {
                     "bodyType":"string"
                    },
                 "rotation":0,
                 "type":"",
                 "visible":true,
                 "width":32,
                 "x":-32,
                 "y":-64
                }, 
                {
                 "height":896,
                 "id":376,
                 "name":"",
                 "properties":
                    {
                     "bodyType":"static"
                    },
                 "propertytypes":
                    {
                     "bodyType":"string"
                    },
                 "rotation":0,
                 "type":"",
                 "visible":true,
                 "width":32,
                 "x":2560,
                 "y":-64
                }, 
                {
                 "height":288,
                 "id":377,
                 "name":"",
                 "properties":
                    {
                     "bodyType":"static"
                    },
                 "propertytypes":
                    {
                     "bodyType":"string"
                    },
                 "rotation":0,
                 "type":"",
                 "visible":true,
                 "width":32,
                 "x":1792,
                 "y":768
                }, 
                {
                 "height":293.5,
                 "id":378,
                 "name":"",
                 "properties":
                    {
                     "bodyType":"static"
                    },
                 "propertytypes":
                    {
                     "bodyType":"string"
                    },
                 "rotation":0,
                 "type":"",
                 "visible":true,
                 "width":32,
                 "x":1248,
                 "y":762.5
                }],
         "opacity":1,
         "type":"objectgroup",
         "visible":false,
         "width":80,
         "x":0,
         "y":0
        }],
 "nextobjectid":385,
 "orientation":"orthogonal",
 "renderorder":"right-down",
 "tileheight":32,
 "tilesets":[
        {
         "columns":0,
         "firstgid":1,
         "margin":0,
         "name":"objs",
         "spacing":0,
         "tilecount":62,
         "tileheight":332,
         "tiles":
            {
             "0":
                {
                 "image":"alter.png"
                },
             "1":
                {
                 "image":"blobBlue.png"
                },
             "10":
                {
                 "image":"doorGreenStroke.png"
                },
             "11":
                {
                 "image":"doorRedStroked.png"
                },
             "12":
                {
                 "image":"doorStroked.png"
                },
             "13":
                {
                 "image":"earthWall.png"
                },
             "14":
                {
                 "image":"exit.png"
                },
             "15":
                {
                 "image":"flare.png"
                },
             "16":
                {
                 "image":"gemBlueStroked.png"
                },
             "17":
                {
                 "image":"gemRedStroked.png"
                },
             "18":
                {
                 "image":"grassLarge.png"
                },
             "19":
                {
                 "image":"grassSmall.png"
                },
             "2":
                {
                 "image":"blobGreen.png"
                },
             "20":
                {
                 "image":"grey.png"
                },
             "21":
                {
                 "image":"hero.png"
                },
             "22":
                {
                 "image":"keyGreenStroked.png"
                },
             "23":
                {
                 "image":"keyRedStroked.png"
                },
             "24":
                {
                 "image":"keyYellowStroked.png"
                },
             "25":
                {
                 "image":"platform1.png"
                },
             "26":
                {
                 "image":"platform2.png"
                },
             "27":
                {
                 "image":"platform3.png"
                },
             "28":
                {
                 "image":"platform4.png"
                },
             "29":
                {
                 "image":"platformBase1.png"
                },
             "3":
                {
                 "image":"blue.png"
                },
             "30":
                {
                 "image":"platformBase2.png"
                },
             "31":
                {
                 "image":"platformBase3.png"
                },
             "32":
                {
                 "image":"platformBase4.png"
                },
             "33":
                {
                 "image":"platformBlock1.png"
                },
             "34":
                {
                 "image":"platformBlock2.png"
                },
             "35":
                {
                 "image":"platformBlock3.png"
                },
             "36":
                {
                 "image":"platformBlock4.png"
                },
             "37":
                {
                 "image":"platformConnector1.png"
                },
             "38":
                {
                 "image":"platformConnector2.png"
                },
             "39":
                {
                 "image":"platformConnector3.png"
                },
             "4":
                {
                 "image":"bombStroked.png"
                },
             "40":
                {
                 "image":"platformConnector4.png"
                },
             "41":
                {
                 "image":"pushBlock1.png"
                },
             "42":
                {
                 "image":"pushBlock2.png"
                },
             "43":
                {
                 "image":"pushBlock3.png"
                },
             "44":
                {
                 "image":"shadow.png"
                },
             "45":
                {
                 "image":"shieldStroked.png"
                },
             "46":
                {
                 "image":"sign.png"
                },
             "48":
                {
                 "image":"swordStroked.png"
                },
             "49":
                {
                 "image":"torch.png"
                },
             "5":
                {
                 "image":"castleWall.png"
                },
             "50":
                {
                 "image":"trap.png"
                },
             "51":
                {
                 "image":"wallDecor1.png"
                },
             "52":
                {
                 "image":"wallDecor2.png"
                },
             "53":
                {
                 "image":"wallDecor3.png"
                },
             "54":
                {
                 "image":"window1.png"
                },
             "55":
                {
                 "image":"window2.png"
                },
             "56":
                {
                 "image":"window3.png"
                },
             "57":
                {
                 "image":"backgroundArch.png"
                },
             "58":
                {
                 "image":"backgroundMountain.png"
                },
             "59":
                {
                 "image":"backgroundTower.png"
                },
             "6":
                {
                 "image":"cloud.png"
                },
             "60":
                {
                 "image":"backgroundTree.png"
                },
             "61":
                {
                 "image":"earthWall2.png"
                },
             "62":
                {
                 "image":"skeleton.png"
                },
             "7":
                {
                 "image":"column1.png"
                },
             "8":
                {
                 "image":"column2.png"
                },
             "9":
                {
                 "image":"doorBlueStroked.png"
                }
            },
         "tilewidth":384
        }],
 "tilewidth":32,
 "version":1,
 "width":80
}