{ "height":20,
 "layers":[
        {
         "draworder":"topdown",
         "height":20,
         "name":"shadow",
         "objects":[],
         "opacity":0.509999990463257,
         "type":"objectgroup",
         "visible":true,
         "width":20,
         "x":0,
         "y":0
        }, 
        {
         "draworder":"topdown",
         "height":20,
         "name":"background",
         "objects":[
                {
                 "gid":3,
                 "height":690.955150858539,
                 "id":11,
                 "name":"",
                 "rotation":-1.72782323443605,
                 "type":"",
                 "visible":true,
                 "width":722.287695106369,
                 "x":-17.7144502754424,
                 "y":706.148970266732
                }],
         "opacity":1,
         "type":"objectgroup",
         "visible":true,
         "width":20,
         "x":0,
         "y":0
        }, 
        {
         "draworder":"topdown",
         "height":20,
         "name":"top",
         "objects":[
                {
                 "gid":2,
                 "height":105.03275530915,
                 "id":12,
                 "name":"restart",
                 "rotation":184.37149878893,
                 "type":"button",
                 "visible":true,
                 "width":402.452529786712,
                 "x":530.570404963022,
                 "y":549.062626598402
                }],
         "opacity":1,
         "type":"objectgroup",
         "visible":true,
         "width":20,
         "x":0,
         "y":0
        }, 
        {
         "draworder":"topdown",
         "height":20,
         "name":"scores",
         "objects":[
                {
                 "height":64,
                 "id":1,
                 "name":"myScore",
                 "properties":
                    {
                     "font":"scene\/game\/font\/PermanentMarker.ttf",
                     "size":42,
                     "strokeColor":"#ff1d0814",
                     "text":"0"
                    },
                 "propertytypes":
                    {
                     "font":"string",
                     "size":"int",
                     "strokeColor":"color",
                     "text":"string"
                    },
                 "rotation":0,
                 "type":"label",
                 "visible":true,
                 "width":448,
                 "x":96,
                 "y":128
                }, 
                {
                 "height":64,
                 "id":2,
                 "name":"score1",
                 "properties":
                    {
                     "font":"scene\/game\/font\/PermanentMarker.ttf",
                     "size":42,
                     "strokeColor":"#ff1d0814",
                     "text":"0"
                    },
                 "propertytypes":
                    {
                     "font":"string",
                     "size":"int",
                     "strokeColor":"color",
                     "text":"string"
                    },
                 "rotation":0,
                 "type":"label",
                 "visible":true,
                 "width":448,
                 "x":96,
                 "y":320
                }, 
                {
                 "height":64,
                 "id":3,
                 "name":"score2",
                 "properties":
                    {
                     "font":"scene\/game\/font\/PermanentMarker.ttf",
                     "size":42,
                     "strokeColor":"#ff1d0814",
                     "text":"0"
                    },
                 "propertytypes":
                    {
                     "font":"string",
                     "size":"int",
                     "strokeColor":"color",
                     "text":"string"
                    },
                 "rotation":0,
                 "type":"label",
                 "visible":true,
                 "width":448,
                 "x":96,
                 "y":384
                }, 
                {
                 "height":64,
                 "id":4,
                 "name":"score3",
                 "properties":
                    {
                     "font":"scene\/game\/font\/PermanentMarker.ttf",
                     "size":42,
                     "strokeColor":"#ff1d0814",
                     "text":"0"
                    },
                 "propertytypes":
                    {
                     "font":"string",
                     "size":"int",
                     "strokeColor":"color",
                     "text":"string"
                    },
                 "rotation":0,
                 "type":"label",
                 "visible":true,
                 "width":448,
                 "x":96,
                 "y":448
                }, 
                {
                 "height":64,
                 "id":6,
                 "name":"yourScore",
                 "properties":
                    {
                     "font":"scene\/game\/font\/PermanentMarker.ttf",
                     "size":42,
                     "strokeColor":"#ff1d0814",
                     "text":"Your Score..."
                    },
                 "propertytypes":
                    {
                     "font":"string",
                     "size":"int",
                     "strokeColor":"color",
                     "text":"string"
                    },
                 "rotation":0,
                 "type":"label",
                 "visible":true,
                 "width":448,
                 "x":96,
                 "y":64
                }, 
                {
                 "height":64,
                 "id":7,
                 "name":"bestScore",
                 "properties":
                    {
                     "font":"scene\/game\/font\/PermanentMarker.ttf",
                     "size":42,
                     "strokeColor":"#ff1d0814",
                     "text":"Best Scores..."
                    },
                 "propertytypes":
                    {
                     "font":"string",
                     "size":"int",
                     "strokeColor":"color",
                     "text":"string"
                    },
                 "rotation":0,
                 "type":"label",
                 "visible":true,
                 "width":448,
                 "x":96,
                 "y":256
                }, 
                {
                 "height":64,
                 "id":13,
                 "name":"restart",
                 "properties":
                    {
                     "font":"scene\/game\/font\/PermanentMarker.ttf",
                     "size":36,
                     "strokeColor":"#ff1d0814",
                     "stroked":true,
                     "text":"Restart"
                    },
                 "propertytypes":
                    {
                     "font":"string",
                     "size":"int",
                     "strokeColor":"color",
                     "stroked":"bool",
                     "text":"string"
                    },
                 "rotation":0,
                 "type":"label",
                 "visible":true,
                 "width":158.666666666667,
                 "x":245,
                 "y":554
                }],
         "opacity":1,
         "type":"objectgroup",
         "visible":true,
         "width":20,
         "x":0,
         "y":0
        }],
 "nextobjectid":14,
 "orientation":"orthogonal",
 "renderorder":"right-down",
 "tileheight":32,
 "tilesets":[
        {
         "columns":0,
         "firstgid":1,
         "margin":0,
         "name":"gui",
         "spacing":0,
         "tilecount":3,
         "tileheight":512,
         "tiles":
            {
             "0":
                {
                 "image":"block.png"
                },
             "1":
                {
                 "image":"trickTitle.png"
                },
             "2":
                {
                 "image":"settingsBox.png"
                }
            },
         "tilewidth":798
        }],
 "tilewidth":32,
 "version":1,
 "width":20
}