{ "backgroundcolor":"#565350",
 "height":26,
 "layers":[
        {
         "draworder":"topdown",
         "height":26,
         "name":"ground",
         "objects":[
                {
                 "gid":7,
                 "height":152,
                 "id":51,
                 "name":"",
                 "rotation":0,
                 "type":"",
                 "visible":true,
                 "width":1545,
                 "x":-130,
                 "y":908
                }],
         "opacity":1,
         "type":"objectgroup",
         "visible":true,
         "width":38,
         "x":0,
         "y":0
        }, 
        {
         "draworder":"topdown",
         "height":26,
         "name":"picture",
         "objects":[
                {
                 "gid":9,
                 "height":832,
                 "id":60,
                 "name":"",
                 "rotation":0,
                 "type":"",
                 "visible":true,
                 "width":1007,
                 "x":96,
                 "y":832
                }],
         "opacity":1,
         "type":"objectgroup",
         "visible":true,
         "width":38,
         "x":0,
         "y":0
        }, 
        {
         "draworder":"topdown",
         "height":38,
         "name":"title",
         "objects":[
                {
                 "gid":10,
                 "height":297,
                 "id":63,
                 "name":"logo",
                 "rotation":0,
                 "type":"",
                 "visible":true,
                 "width":608,
                 "x":320,
                 "y":384
                }],
         "opacity":1,
         "type":"objectgroup",
         "visible":true,
         "width":25,
         "x":0,
         "y":0
        }, 
        {
         "draworder":"topdown",
         "height":38,
         "name":"buttons",
         "objects":[
                {
                 "gid":1,
                 "height":96,
                 "id":42,
                 "name":"help",
                 "rotation":3.76104424562648,
                 "type":"button",
                 "visible":true,
                 "width":320,
                 "x":445.196009628702,
                 "y":616.401346488894
                }, 
                {
                 "gid":2,
                 "height":96,
                 "id":43,
                 "name":"start",
                 "rotation":2.22716726612386,
                 "type":"button",
                 "visible":true,
                 "width":320,
                 "x":446.255506202256,
                 "y":477.745882744427
                }],
         "opacity":1,
         "type":"objectgroup",
         "visible":true,
         "width":26,
         "x":0,
         "y":0
        }, 
        {
         "draworder":"topdown",
         "height":26,
         "name":"help",
         "objects":[
                {
                 "gid":3,
                 "height":560,
                 "id":56,
                 "name":"",
                 "rotation":0,
                 "type":"",
                 "visible":true,
                 "width":428.235294117647,
                 "x":394,
                 "y":656
                }],
         "opacity":1,
         "type":"objectgroup",
         "visible":false,
         "width":38,
         "x":0,
         "y":0
        }],
 "nextobjectid":69,
 "orientation":"orthogonal",
 "renderorder":"right-down",
 "tileheight":32,
 "tilesets":[
        {
         "columns":0,
         "firstgid":1,
         "margin":0,
         "name":"ui",
         "spacing":0,
         "tilecount":7,
         "tileheight":832,
         "tiles":
            {
             "0":
                {
                 "image":"buttonHelp.png"
                },
             "1":
                {
                 "image":"buttonStart.png"
                },
             "2":
                {
                 "image":"helpBackground.png"
                },
             "3":
                {
                 "image":"title.png"
                },
             "6":
                {
                 "image":"block.png"
                },
             "8":
                {
                 "image":"figure.png"
                },
             "9":
                {
                 "image":"title.png"
                }
            },
         "tilewidth":1007
        }],
 "tilewidth":32,
 "version":1,
 "width":38
}